Year,Month,WeekNumber,CalendarDate,WeekStartDate,WeekEndDate
2018,July,26,25/06/2018,25/06/2018,1/07/2018
2018,July,26,26/06/2018,25/06/2018,1/07/2018
2018,July,26,27/06/2018,25/06/2018,1/07/2018
2018,July,26,28/06/2018,25/06/2018,1/07/2018
2018,July,26,29/06/2018,25/06/2018,1/07/2018
2018,July,26,30/06/2018,25/06/2018,1/07/2018
2018,July,26,1/07/2018,25/06/2018,1/07/2018
2018,July,27,2/07/2018,2/07/2018,8/07/2018
2018,July,27,3/07/2018,2/07/2018,8/07/2018
2018,July,27,4/07/2018,2/07/2018,8/07/2018
2018,July,27,5/07/2018,2/07/2018,8/07/2018
2018,July,27,6/07/2018,2/07/2018,8/07/2018
2018,July,27,7/07/2018,2/07/2018,8/07/2018
2018,July,27,8/07/2018,2/07/2018,8/07/2018
2018,July,28,9/07/2018,9/07/2018,15/07/2018
2018,July,28,10/07/2018,9/07/2018,15/07/2018
2018,July,28,11/07/2018,9/07/2018,15/07/2018
2018,July,28,12/07/2018,9/07/2018,15/07/2018
2018,July,28,13/07/2018,9/07/2018,15/07/2018
2018,July,28,14/07/2018,9/07/2018,15/07/2018
2018,July,28,15/07/2018,9/07/2018,15/07/2018
2018,July,29,16/07/2018,16/07/2018,22/07/2018
2018,July,29,17/07/2018,16/07/2018,22/07/2018
2018,July,29,18/07/2018,16/07/2018,22/07/2018
2018,July,29,19/07/2018,16/07/2018,22/07/2018
2018,July,29,20/07/2018,16/07/2018,22/07/2018
2018,July,29,21/07/2018,16/07/2018,22/07/2018
2018,July,29,22/07/2018,16/07/2018,22/07/2018
2018,July,30,23/07/2018,23/07/2018,29/07/2018
2018,July,30,24/07/2018,23/07/2018,29/07/2018
2018,July,30,25/07/2018,23/07/2018,29/07/2018
2018,July,30,26/07/2018,23/07/2018,29/07/2018
2018,July,30,27/07/2018,23/07/2018,29/07/2018
2018,July,30,28/07/2018,23/07/2018,29/07/2018
2018,July,30,29/07/2018,23/07/2018,29/07/2018
2018,August,31,30/07/2018,30/07/2018,5/08/2018
2018,August,31,31/07/2018,30/07/2018,5/08/2018
2018,August,31,1/08/2018,30/07/2018,5/08/2018
2018,August,31,2/08/2018,30/07/2018,5/08/2018
2018,August,31,3/08/2018,30/07/2018,5/08/2018
2018,August,31,4/08/2018,30/07/2018,5/08/2018
2018,August,31,5/08/2018,30/07/2018,5/08/2018
2018,August,32,6/08/2018,6/08/2018,12/08/2018
2018,August,32,7/08/2018,6/08/2018,12/08/2018
2018,August,32,8/08/2018,6/08/2018,12/08/2018
2018,August,32,9/08/2018,6/08/2018,12/08/2018
2018,August,32,10/08/2018,6/08/2018,12/08/2018
2018,August,32,11/08/2018,6/08/2018,12/08/2018
2018,August,32,12/08/2018,6/08/2018,12/08/2018
2018,August,33,13/08/2018,13/08/2018,19/08/2018
2018,August,33,14/08/2018,13/08/2018,19/08/2018
2018,August,33,15/08/2018,13/08/2018,19/08/2018
2018,August,33,16/08/2018,13/08/2018,19/08/2018
2018,August,33,17/08/2018,13/08/2018,19/08/2018
2018,August,33,18/08/2018,13/08/2018,19/08/2018
2018,August,33,19/08/2018,13/08/2018,19/08/2018
2018,August,34,20/08/2018,20/08/2018,26/08/2018
2018,August,34,21/08/2018,20/08/2018,26/08/2018
2018,August,34,22/08/2018,20/08/2018,26/08/2018
2018,August,34,23/08/2018,20/08/2018,26/08/2018
2018,August,34,24/08/2018,20/08/2018,26/08/2018
2018,August,34,25/08/2018,20/08/2018,26/08/2018
2018,August,34,26/08/2018,20/08/2018,26/08/2018
2018,August,35,27/08/2018,27/08/2018,2/09/2018
2018,August,35,28/08/2018,27/08/2018,2/09/2018
2018,August,35,29/08/2018,27/08/2018,2/09/2018
2018,August,35,30/08/2018,27/08/2018,2/09/2018
2018,August,35,31/08/2018,27/08/2018,2/09/2018
2018,August,35,1/09/2018,27/08/2018,2/09/2018
2018,August,35,2/09/2018,27/08/2018,2/09/2018
2018,September,36,3/09/2018,3/09/2018,9/09/2018
2018,September,36,4/09/2018,3/09/2018,9/09/2018
2018,September,36,5/09/2018,3/09/2018,9/09/2018
2018,September,36,6/09/2018,3/09/2018,9/09/2018
2018,September,36,7/09/2018,3/09/2018,9/09/2018
2018,September,36,8/09/2018,3/09/2018,9/09/2018
2018,September,36,9/09/2018,3/09/2018,9/09/2018
2018,September,37,10/09/2018,10/09/2018,16/09/2018
2018,September,37,11/09/2018,10/09/2018,16/09/2018
2018,September,37,12/09/2018,10/09/2018,16/09/2018
2018,September,37,13/09/2018,10/09/2018,16/09/2018
2018,September,37,14/09/2018,10/09/2018,16/09/2018
2018,September,37,15/09/2018,10/09/2018,16/09/2018
2018,September,37,16/09/2018,10/09/2018,16/09/2018
2018,September,38,17/09/2018,17/09/2018,23/09/2018
2018,September,38,18/09/2018,17/09/2018,23/09/2018
2018,September,38,19/09/2018,17/09/2018,23/09/2018
2018,September,38,20/09/2018,17/09/2018,23/09/2018
2018,September,38,21/09/2018,17/09/2018,23/09/2018
2018,September,38,22/09/2018,17/09/2018,23/09/2018
2018,September,38,23/09/2018,17/09/2018,23/09/2018
2018,September,39,24/09/2018,24/09/2018,30/09/2018
2018,September,39,25/09/2018,24/09/2018,30/09/2018
2018,September,39,26/09/2018,24/09/2018,30/09/2018
2018,September,39,27/09/2018,24/09/2018,30/09/2018
2018,September,39,28/09/2018,24/09/2018,30/09/2018
2018,September,39,29/09/2018,24/09/2018,30/09/2018
2018,September,39,30/09/2018,24/09/2018,30/09/2018
2018,October,40,1/10/2018,1/10/2018,7/10/2018
2018,October,40,2/10/2018,1/10/2018,7/10/2018
2018,October,40,3/10/2018,1/10/2018,7/10/2018
2018,October,40,4/10/2018,1/10/2018,7/10/2018
2018,October,40,5/10/2018,1/10/2018,7/10/2018
2018,October,40,6/10/2018,1/10/2018,7/10/2018
2018,October,40,7/10/2018,1/10/2018,7/10/2018
2018,October,41,8/10/2018,8/10/2018,14/10/2018
2018,October,41,9/10/2018,8/10/2018,14/10/2018
2018,October,41,10/10/2018,8/10/2018,14/10/2018
2018,October,41,11/10/2018,8/10/2018,14/10/2018
2018,October,41,12/10/2018,8/10/2018,14/10/2018
2018,October,41,13/10/2018,8/10/2018,14/10/2018
2018,October,41,14/10/2018,8/10/2018,14/10/2018
2018,October,42,15/10/2018,15/10/2018,21/10/2018
2018,October,42,16/10/2018,15/10/2018,21/10/2018
2018,October,42,17/10/2018,15/10/2018,21/10/2018
2018,October,42,18/10/2018,15/10/2018,21/10/2018
2018,October,42,19/10/2018,15/10/2018,21/10/2018
2018,October,42,20/10/2018,15/10/2018,21/10/2018
2018,October,42,21/10/2018,15/10/2018,21/10/2018
2018,October,43,22/10/2018,22/10/2018,28/10/2018
2018,October,43,23/10/2018,22/10/2018,28/10/2018
2018,October,43,24/10/2018,22/10/2018,28/10/2018
2018,October,43,25/10/2018,22/10/2018,28/10/2018
2018,October,43,26/10/2018,22/10/2018,28/10/2018
2018,October,43,27/10/2018,22/10/2018,28/10/2018
2018,October,43,28/10/2018,22/10/2018,28/10/2018
2018,November,44,29/10/2018,29/10/2018,4/11/2018
2018,November,44,30/10/2018,29/10/2018,4/11/2018
2018,November,44,31/10/2018,29/10/2018,4/11/2018
2018,November,44,1/11/2018,29/10/2018,4/11/2018
2018,November,44,2/11/2018,29/10/2018,4/11/2018
2018,November,44,3/11/2018,29/10/2018,4/11/2018
2018,November,44,4/11/2018,29/10/2018,4/11/2018
2018,November,45,5/11/2018,5/11/2018,11/11/2018
2018,November,45,6/11/2018,5/11/2018,11/11/2018
2018,November,45,7/11/2018,5/11/2018,11/11/2018
2018,November,45,8/11/2018,5/11/2018,11/11/2018
2018,November,45,9/11/2018,5/11/2018,11/11/2018
2018,November,45,10/11/2018,5/11/2018,11/11/2018
2018,November,45,11/11/2018,5/11/2018,11/11/2018
2018,November,46,12/11/2018,12/11/2018,18/11/2018
2018,November,46,13/11/2018,12/11/2018,18/11/2018
2018,November,46,14/11/2018,12/11/2018,18/11/2018
2018,November,46,15/11/2018,12/11/2018,18/11/2018
2018,November,46,16/11/2018,12/11/2018,18/11/2018
2018,November,46,17/11/2018,12/11/2018,18/11/2018
2018,November,46,18/11/2018,12/11/2018,18/11/2018
2018,November,47,19/11/2018,19/11/2018,25/11/2018
2018,November,47,20/11/2018,19/11/2018,25/11/2018
2018,November,47,21/11/2018,19/11/2018,25/11/2018
2018,November,47,22/11/2018,19/11/2018,25/11/2018
2018,November,47,23/11/2018,19/11/2018,25/11/2018
2018,November,47,24/11/2018,19/11/2018,25/11/2018
2018,November,47,25/11/2018,19/11/2018,25/11/2018
2018,December,48,26/11/2018,26/11/2018,2/12/2018
2018,December,48,27/11/2018,26/11/2018,2/12/2018
2018,December,48,28/11/2018,26/11/2018,2/12/2018
2018,December,48,29/11/2018,26/11/2018,2/12/2018
2018,December,48,30/11/2018,26/11/2018,2/12/2018
2018,December,48,1/12/2018,26/11/2018,2/12/2018
2018,December,48,2/12/2018,26/11/2018,2/12/2018
2018,December,49,3/12/2018,3/12/2018,9/12/2018
2018,December,49,4/12/2018,3/12/2018,9/12/2018
2018,December,49,5/12/2018,3/12/2018,9/12/2018
2018,December,49,6/12/2018,3/12/2018,9/12/2018
2018,December,49,7/12/2018,3/12/2018,9/12/2018
2018,December,49,8/12/2018,3/12/2018,9/12/2018
2018,December,49,9/12/2018,3/12/2018,9/12/2018
2018,December,50,10/12/2018,10/12/2018,16/12/2018
2018,December,50,11/12/2018,10/12/2018,16/12/2018
2018,December,50,12/12/2018,10/12/2018,16/12/2018
2018,December,50,13/12/2018,10/12/2018,16/12/2018
2018,December,50,14/12/2018,10/12/2018,16/12/2018
2018,December,50,15/12/2018,10/12/2018,16/12/2018
2018,December,50,16/12/2018,10/12/2018,16/12/2018
2018,December,51,17/12/2018,17/12/2018,23/12/2018
2018,December,51,18/12/2018,17/12/2018,23/12/2018
2018,December,51,19/12/2018,17/12/2018,23/12/2018
2018,December,51,20/12/2018,17/12/2018,23/12/2018
2018,December,51,21/12/2018,17/12/2018,23/12/2018
2018,December,51,22/12/2018,17/12/2018,23/12/2018
2018,December,51,23/12/2018,17/12/2018,23/12/2018
2018,December,52,24/12/2018,24/12/2018,30/12/2018
2018,December,52,25/12/2018,24/12/2018,30/12/2018
2018,December,52,26/12/2018,24/12/2018,30/12/2018
2018,December,52,27/12/2018,24/12/2018,30/12/2018
2018,December,52,28/12/2018,24/12/2018,30/12/2018
2018,December,52,29/12/2018,24/12/2018,30/12/2018
2018,December,52,30/12/2018,24/12/2018,30/12/2018
2019,January,1,31/12/2018,31/12/2018,6/01/2019
2019,January,1,1/01/2019,31/12/2018,6/01/2019
2019,January,1,2/01/2019,31/12/2018,6/01/2019
2019,January,1,3/01/2019,31/12/2018,6/01/2019
2019,January,1,4/01/2019,31/12/2018,6/01/2019
2019,January,1,5/01/2019,31/12/2018,6/01/2019
2019,January,1,6/01/2019,31/12/2018,6/01/2019
2019,January,2,7/01/2019,7/01/2019,13/01/2019
2019,January,2,8/01/2019,7/01/2019,13/01/2019
2019,January,2,9/01/2019,7/01/2019,13/01/2019
2019,January,2,10/01/2019,7/01/2019,13/01/2019
2019,January,2,11/01/2019,7/01/2019,13/01/2019
2019,January,2,12/01/2019,7/01/2019,13/01/2019
2019,January,2,13/01/2019,7/01/2019,13/01/2019
2019,January,3,14/01/2019,14/01/2019,20/01/2019
2019,January,3,15/01/2019,14/01/2019,20/01/2019
2019,January,3,16/01/2019,14/01/2019,20/01/2019
2019,January,3,17/01/2019,14/01/2019,20/01/2019
2019,January,3,18/01/2019,14/01/2019,20/01/2019
2019,January,3,19/01/2019,14/01/2019,20/01/2019
2019,January,3,20/01/2019,14/01/2019,20/01/2019
2019,January,4,21/01/2019,21/01/2019,27/01/2019
2019,January,4,22/01/2019,21/01/2019,27/01/2019
2019,January,4,23/01/2019,21/01/2019,27/01/2019
2019,January,4,24/01/2019,21/01/2019,27/01/2019
2019,January,4,25/01/2019,21/01/2019,27/01/2019
2019,January,4,26/01/2019,21/01/2019,27/01/2019
2019,January,4,27/01/2019,21/01/2019,27/01/2019
2019,February,5,28/01/2019,28/01/2019,3/02/2019
2019,February,5,29/01/2019,28/01/2019,3/02/2019
2019,February,5,30/01/2019,28/01/2019,3/02/2019
2019,February,5,31/01/2019,28/01/2019,3/02/2019
2019,February,5,1/02/2019,28/01/2019,3/02/2019
2019,February,5,2/02/2019,28/01/2019,3/02/2019
2019,February,5,3/02/2019,28/01/2019,3/02/2019
2019,February,6,4/02/2019,4/02/2019,10/02/2019
2019,February,6,5/02/2019,4/02/2019,10/02/2019
2019,February,6,6/02/2019,4/02/2019,10/02/2019
2019,February,6,7/02/2019,4/02/2019,10/02/2019
2019,February,6,8/02/2019,4/02/2019,10/02/2019
2019,February,6,9/02/2019,4/02/2019,10/02/2019
2019,February,6,10/02/2019,4/02/2019,10/02/2019
2019,February,7,11/02/2019,11/02/2019,17/02/2019
2019,February,7,12/02/2019,11/02/2019,17/02/2019
2019,February,7,13/02/2019,11/02/2019,17/02/2019
2019,February,7,14/02/2019,11/02/2019,17/02/2019
2019,February,7,15/02/2019,11/02/2019,17/02/2019
2019,February,7,16/02/2019,11/02/2019,17/02/2019
2019,February,7,17/02/2019,11/02/2019,17/02/2019
2019,February,8,18/02/2019,18/02/2019,24/02/2019
2019,February,8,19/02/2019,18/02/2019,24/02/2019
2019,February,8,20/02/2019,18/02/2019,24/02/2019
2019,February,8,21/02/2019,18/02/2019,24/02/2019
2019,February,8,22/02/2019,18/02/2019,24/02/2019
2019,February,8,23/02/2019,18/02/2019,24/02/2019
2019,February,8,24/02/2019,18/02/2019,24/02/2019
2019,February,9,25/02/2019,25/02/2019,3/03/2019
2019,February,9,26/02/2019,25/02/2019,3/03/2019
2019,February,9,27/02/2019,25/02/2019,3/03/2019
2019,February,9,28/02/2019,25/02/2019,3/03/2019
2019,February,9,1/03/2019,25/02/2019,3/03/2019
2019,February,9,2/03/2019,25/02/2019,3/03/2019
2019,February,9,3/03/2019,25/02/2019,3/03/2019
2019,March,10,4/03/2019,4/03/2019,10/03/2019
2019,March,10,5/03/2019,4/03/2019,10/03/2019
2019,March,10,6/03/2019,4/03/2019,10/03/2019
2019,March,10,7/03/2019,4/03/2019,10/03/2019
2019,March,10,8/03/2019,4/03/2019,10/03/2019
2019,March,10,9/03/2019,4/03/2019,10/03/2019
2019,March,10,10/03/2019,4/03/2019,10/03/2019
2019,March,11,11/03/2019,11/03/2019,17/03/2019
2019,March,11,12/03/2019,11/03/2019,17/03/2019
2019,March,11,13/03/2019,11/03/2019,17/03/2019
2019,March,11,14/03/2019,11/03/2019,17/03/2019
2019,March,11,15/03/2019,11/03/2019,17/03/2019
2019,March,11,16/03/2019,11/03/2019,17/03/2019
2019,March,11,17/03/2019,11/03/2019,17/03/2019
2019,March,12,18/03/2019,18/03/2019,24/03/2019
2019,March,12,19/03/2019,18/03/2019,24/03/2019
2019,March,12,20/03/2019,18/03/2019,24/03/2019
2019,March,12,21/03/2019,18/03/2019,24/03/2019
2019,March,12,22/03/2019,18/03/2019,24/03/2019
2019,March,12,23/03/2019,18/03/2019,24/03/2019
2019,March,12,24/03/2019,18/03/2019,24/03/2019
2019,March,13,25/03/2019,25/03/2019,31/03/2019
2019,March,13,26/03/2019,25/03/2019,31/03/2019
2019,March,13,27/03/2019,25/03/2019,31/03/2019
2019,March,13,28/03/2019,25/03/2019,31/03/2019
2019,March,13,29/03/2019,25/03/2019,31/03/2019
2019,March,13,30/03/2019,25/03/2019,31/03/2019
2019,March,13,31/03/2019,25/03/2019,31/03/2019
2019,April,14,1/04/2019,1/04/2019,7/04/2019
2019,April,14,2/04/2019,1/04/2019,7/04/2019
2019,April,14,3/04/2019,1/04/2019,7/04/2019
2019,April,14,4/04/2019,1/04/2019,7/04/2019
2019,April,14,5/04/2019,1/04/2019,7/04/2019
2019,April,14,6/04/2019,1/04/2019,7/04/2019
2019,April,14,7/04/2019,1/04/2019,7/04/2019
2019,April,15,8/04/2019,8/04/2019,14/04/2019
2019,April,15,9/04/2019,8/04/2019,14/04/2019
2019,April,15,10/04/2019,8/04/2019,14/04/2019
2019,April,15,11/04/2019,8/04/2019,14/04/2019
2019,April,15,12/04/2019,8/04/2019,14/04/2019
2019,April,15,13/04/2019,8/04/2019,14/04/2019
2019,April,15,14/04/2019,8/04/2019,14/04/2019
2019,April,16,15/04/2019,15/04/2019,21/04/2019
2019,April,16,16/04/2019,15/04/2019,21/04/2019
2019,April,16,17/04/2019,15/04/2019,21/04/2019
2019,April,16,18/04/2019,15/04/2019,21/04/2019
2019,April,16,19/04/2019,15/04/2019,21/04/2019
2019,April,16,20/04/2019,15/04/2019,21/04/2019
2019,April,16,21/04/2019,15/04/2019,21/04/2019
2019,April,17,22/04/2019,22/04/2019,28/04/2019
2019,April,17,23/04/2019,22/04/2019,28/04/2019
2019,April,17,24/04/2019,22/04/2019,28/04/2019
2019,April,17,25/04/2019,22/04/2019,28/04/2019
2019,April,17,26/04/2019,22/04/2019,28/04/2019
2019,April,17,27/04/2019,22/04/2019,28/04/2019
2019,April,17,28/04/2019,22/04/2019,28/04/2019
2019,May,18,29/04/2019,29/04/2019,5/05/2019
2019,May,18,30/04/2019,29/04/2019,5/05/2019
2019,May,18,1/05/2019,29/04/2019,5/05/2019
2019,May,18,2/05/2019,29/04/2019,5/05/2019
2019,May,18,3/05/2019,29/04/2019,5/05/2019
2019,May,18,4/05/2019,29/04/2019,5/05/2019
2019,May,18,5/05/2019,29/04/2019,5/05/2019
2019,May,19,6/05/2019,6/05/2019,12/05/2019
2019,May,19,7/05/2019,6/05/2019,12/05/2019
2019,May,19,8/05/2019,6/05/2019,12/05/2019
2019,May,19,9/05/2019,6/05/2019,12/05/2019
2019,May,19,10/05/2019,6/05/2019,12/05/2019
2019,May,19,11/05/2019,6/05/2019,12/05/2019
2019,May,19,12/05/2019,6/05/2019,12/05/2019
2019,May,20,13/05/2019,13/05/2019,19/05/2019
2019,May,20,14/05/2019,13/05/2019,19/05/2019
2019,May,20,15/05/2019,13/05/2019,19/05/2019
2019,May,20,16/05/2019,13/05/2019,19/05/2019
2019,May,20,17/05/2019,13/05/2019,19/05/2019
2019,May,20,18/05/2019,13/05/2019,19/05/2019
2019,May,20,19/05/2019,13/05/2019,19/05/2019
2019,May,21,20/05/2019,20/05/2019,26/05/2019
2019,May,21,21/05/2019,20/05/2019,26/05/2019
2019,May,21,22/05/2019,20/05/2019,26/05/2019
2019,May,21,23/05/2019,20/05/2019,26/05/2019
2019,May,21,24/05/2019,20/05/2019,26/05/2019
2019,May,21,25/05/2019,20/05/2019,26/05/2019
2019,May,21,26/05/2019,20/05/2019,26/05/2019
2019,June,22,27/05/2019,27/05/2019,2/06/2019
2019,June,22,28/05/2019,27/05/2019,2/06/2019
2019,June,22,29/05/2019,27/05/2019,2/06/2019
2019,June,22,30/05/2019,27/05/2019,2/06/2019
2019,June,22,31/05/2019,27/05/2019,2/06/2019
2019,June,22,1/06/2019,27/05/2019,2/06/2019
2019,June,22,2/06/2019,27/05/2019,2/06/2019
2019,June,23,3/06/2019,3/06/2019,9/06/2019
2019,June,23,4/06/2019,3/06/2019,9/06/2019
2019,June,23,5/06/2019,3/06/2019,9/06/2019
2019,June,23,6/06/2019,3/06/2019,9/06/2019
2019,June,23,7/06/2019,3/06/2019,9/06/2019
2019,June,23,8/06/2019,3/06/2019,9/06/2019
2019,June,23,9/06/2019,3/06/2019,9/06/2019
2019,June,24,10/06/2019,10/06/2019,16/06/2019
2019,June,24,11/06/2019,10/06/2019,16/06/2019
2019,June,24,12/06/2019,10/06/2019,16/06/2019
2019,June,24,13/06/2019,10/06/2019,16/06/2019
2019,June,24,14/06/2019,10/06/2019,16/06/2019
2019,June,24,15/06/2019,10/06/2019,16/06/2019
2019,June,24,16/06/2019,10/06/2019,16/06/2019
2019,June,25,17/06/2019,17/06/2019,23/06/2019
2019,June,25,18/06/2019,17/06/2019,23/06/2019
2019,June,25,19/06/2019,17/06/2019,23/06/2019
2019,June,25,20/06/2019,17/06/2019,23/06/2019
2019,June,25,21/06/2019,17/06/2019,23/06/2019
2019,June,25,22/06/2019,17/06/2019,23/06/2019
2019,June,25,23/06/2019,17/06/2019,23/06/2019
2019,June,26,24/06/2019,24/06/2019,30/06/2019
2019,June,26,25/06/2019,24/06/2019,30/06/2019
2019,June,26,26/06/2019,24/06/2019,30/06/2019
2019,June,26,27/06/2019,24/06/2019,30/06/2019
2019,June,26,28/06/2019,24/06/2019,30/06/2019
2019,June,26,29/06/2019,24/06/2019,30/06/2019
2019,June,26,30/06/2019,24/06/2019,30/06/2019
2019,July,27,1/07/2019,1/07/2019,7/07/2019
2019,July,27,2/07/2019,1/07/2019,7/07/2019
2019,July,27,3/07/2019,1/07/2019,7/07/2019
2019,July,27,4/07/2019,1/07/2019,7/07/2019
2019,July,27,5/07/2019,1/07/2019,7/07/2019
2019,July,27,6/07/2019,1/07/2019,7/07/2019
2019,July,27,7/07/2019,1/07/2019,7/07/2019
2019,July,28,8/07/2019,8/07/2019,14/07/2019
2019,July,28,9/07/2019,8/07/2019,14/07/2019
2019,July,28,10/07/2019,8/07/2019,14/07/2019
2019,July,28,11/07/2019,8/07/2019,14/07/2019
2019,July,28,12/07/2019,8/07/2019,14/07/2019
2019,July,28,13/07/2019,8/07/2019,14/07/2019
2019,July,28,14/07/2019,8/07/2019,14/07/2019
2019,July,29,15/07/2019,15/07/2019,21/07/2019
2019,July,29,16/07/2019,15/07/2019,21/07/2019
2019,July,29,17/07/2019,15/07/2019,21/07/2019
2019,July,29,18/07/2019,15/07/2019,21/07/2019
2019,July,29,19/07/2019,15/07/2019,21/07/2019
2019,July,29,20/07/2019,15/07/2019,21/07/2019
2019,July,29,21/07/2019,15/07/2019,21/07/2019
2019,July,30,22/07/2019,22/07/2019,28/07/2019
2019,July,30,23/07/2019,22/07/2019,28/07/2019
2019,July,30,24/07/2019,22/07/2019,28/07/2019
2019,July,30,25/07/2019,22/07/2019,28/07/2019
2019,July,30,26/07/2019,22/07/2019,28/07/2019
2019,July,30,27/07/2019,22/07/2019,28/07/2019
2019,July,30,28/07/2019,22/07/2019,28/07/2019
2019,July,31,29/07/2019,29/07/2019,4/08/2019
2019,July,31,30/07/2019,29/07/2019,4/08/2019
2019,July,31,31/07/2019,29/07/2019,4/08/2019
2019,July,31,1/08/2019,29/07/2019,4/08/2019
2019,July,31,2/08/2019,29/07/2019,4/08/2019
2019,July,31,3/08/2019,29/07/2019,4/08/2019
2019,July,31,4/08/2019,29/07/2019,4/08/2019
2019,August,32,5/08/2019,5/08/2019,11/08/2019
2019,August,32,6/08/2019,5/08/2019,11/08/2019
2019,August,32,7/08/2019,5/08/2019,11/08/2019
2019,August,32,8/08/2019,5/08/2019,11/08/2019
2019,August,32,9/08/2019,5/08/2019,11/08/2019
2019,August,32,10/08/2019,5/08/2019,11/08/2019
2019,August,32,11/08/2019,5/08/2019,11/08/2019
2019,August,33,12/08/2019,12/08/2019,18/08/2019
2019,August,33,13/08/2019,12/08/2019,18/08/2019
2019,August,33,14/08/2019,12/08/2019,18/08/2019
2019,August,33,15/08/2019,12/08/2019,18/08/2019
2019,August,33,16/08/2019,12/08/2019,18/08/2019
2019,August,33,17/08/2019,12/08/2019,18/08/2019
2019,August,33,18/08/2019,12/08/2019,18/08/2019
2019,August,34,19/08/2019,19/08/2019,25/08/2019
2019,August,34,20/08/2019,19/08/2019,25/08/2019
2019,August,34,21/08/2019,19/08/2019,25/08/2019
2019,August,34,22/08/2019,19/08/2019,25/08/2019
2019,August,34,23/08/2019,19/08/2019,25/08/2019
2019,August,34,24/08/2019,19/08/2019,25/08/2019
2019,August,34,25/08/2019,19/08/2019,25/08/2019
2019,August,35,26/08/2019,26/08/2019,1/09/2019
2019,August,35,27/08/2019,26/08/2019,1/09/2019
2019,August,35,28/08/2019,26/08/2019,1/09/2019
2019,August,35,29/08/2019,26/08/2019,1/09/2019
2019,August,35,30/08/2019,26/08/2019,1/09/2019
2019,August,35,31/08/2019,26/08/2019,1/09/2019
2019,August,35,1/09/2019,26/08/2019,1/09/2019
2019,August,36,2/09/2019,2/09/2019,8/09/2019
2019,August,36,3/09/2019,2/09/2019,8/09/2019
2019,August,36,4/09/2019,2/09/2019,8/09/2019
2019,August,36,5/09/2019,2/09/2019,8/09/2019
2019,August,36,6/09/2019,2/09/2019,8/09/2019
2019,August,36,7/09/2019,2/09/2019,8/09/2019
2019,August,36,8/09/2019,2/09/2019,8/09/2019
2019,September,37,9/09/2019,9/09/2019,15/09/2019
2019,September,37,10/09/2019,9/09/2019,15/09/2019
2019,September,37,11/09/2019,9/09/2019,15/09/2019
2019,September,37,12/09/2019,9/09/2019,15/09/2019
2019,September,37,13/09/2019,9/09/2019,15/09/2019
2019,September,37,14/09/2019,9/09/2019,15/09/2019
2019,September,37,15/09/2019,9/09/2019,15/09/2019
2019,September,38,16/09/2019,16/09/2019,22/09/2019
2019,September,38,17/09/2019,16/09/2019,22/09/2019
2019,September,38,18/09/2019,16/09/2019,22/09/2019
2019,September,38,19/09/2019,16/09/2019,22/09/2019
2019,September,38,20/09/2019,16/09/2019,22/09/2019
2019,September,38,21/09/2019,16/09/2019,22/09/2019
2019,September,38,22/09/2019,16/09/2019,22/09/2019
2019,September,39,23/09/2019,23/09/2019,29/09/2019
2019,September,39,24/09/2019,23/09/2019,29/09/2019
2019,September,39,25/09/2019,23/09/2019,29/09/2019
2019,September,39,26/09/2019,23/09/2019,29/09/2019
2019,September,39,27/09/2019,23/09/2019,29/09/2019
2019,September,39,28/09/2019,23/09/2019,29/09/2019
2019,September,39,29/09/2019,23/09/2019,29/09/2019
2019,September,40,30/09/2019,30/09/2019,6/10/2019
2019,September,40,1/10/2019,30/09/2019,6/10/2019
2019,September,40,2/10/2019,30/09/2019,6/10/2019
2019,September,40,3/10/2019,30/09/2019,6/10/2019
2019,September,40,4/10/2019,30/09/2019,6/10/2019
2019,September,40,5/10/2019,30/09/2019,6/10/2019
2019,September,40,6/10/2019,30/09/2019,6/10/2019
2019,October,41,7/10/2019,7/10/2019,13/10/2019
2019,October,41,8/10/2019,7/10/2019,13/10/2019
2019,October,41,9/10/2019,7/10/2019,13/10/2019
2019,October,41,10/10/2019,7/10/2019,13/10/2019
2019,October,41,11/10/2019,7/10/2019,13/10/2019
2019,October,41,12/10/2019,7/10/2019,13/10/2019
2019,October,41,13/10/2019,7/10/2019,13/10/2019
2019,October,42,14/10/2019,14/10/2019,20/10/2019
2019,October,42,15/10/2019,14/10/2019,20/10/2019
2019,October,42,16/10/2019,14/10/2019,20/10/2019
2019,October,42,17/10/2019,14/10/2019,20/10/2019
2019,October,42,18/10/2019,14/10/2019,20/10/2019
2019,October,42,19/10/2019,14/10/2019,20/10/2019
2019,October,42,20/10/2019,14/10/2019,20/10/2019
2019,October,43,21/10/2019,21/10/2019,27/10/2019
2019,October,43,22/10/2019,21/10/2019,27/10/2019
2019,October,43,23/10/2019,21/10/2019,27/10/2019
2019,October,43,24/10/2019,21/10/2019,27/10/2019
2019,October,43,25/10/2019,21/10/2019,27/10/2019
2019,October,43,26/10/2019,21/10/2019,27/10/2019
2019,October,43,27/10/2019,21/10/2019,27/10/2019
2019,October,44,28/10/2019,28/10/2019,3/11/2019
2019,October,44,29/10/2019,28/10/2019,3/11/2019
2019,October,44,30/10/2019,28/10/2019,3/11/2019
2019,October,44,31/10/2019,28/10/2019,3/11/2019
2019,October,44,1/11/2019,28/10/2019,3/11/2019
2019,October,44,2/11/2019,28/10/2019,3/11/2019
2019,October,44,3/11/2019,28/10/2019,3/11/2019
2019,November,45,4/11/2019,4/11/2019,10/11/2019
2019,November,45,5/11/2019,4/11/2019,10/11/2019
2019,November,45,6/11/2019,4/11/2019,10/11/2019
2019,November,45,7/11/2019,4/11/2019,10/11/2019
2019,November,45,8/11/2019,4/11/2019,10/11/2019
2019,November,45,9/11/2019,4/11/2019,10/11/2019
2019,November,45,10/11/2019,4/11/2019,10/11/2019
2019,November,46,11/11/2019,11/11/2019,17/11/2019
2019,November,46,12/11/2019,11/11/2019,17/11/2019
2019,November,46,13/11/2019,11/11/2019,17/11/2019
2019,November,46,14/11/2019,11/11/2019,17/11/2019
2019,November,46,15/11/2019,11/11/2019,17/11/2019
2019,November,46,16/11/2019,11/11/2019,17/11/2019
2019,November,46,17/11/2019,11/11/2019,17/11/2019
2019,November,47,18/11/2019,18/11/2019,24/11/2019
2019,November,47,19/11/2019,18/11/2019,24/11/2019
2019,November,47,20/11/2019,18/11/2019,24/11/2019
2019,November,47,21/11/2019,18/11/2019,24/11/2019
2019,November,47,22/11/2019,18/11/2019,24/11/2019
2019,November,47,23/11/2019,18/11/2019,24/11/2019
2019,November,47,24/11/2019,18/11/2019,24/11/2019
2019,November,48,25/11/2019,25/11/2019,1/12/2019
2019,November,48,26/11/2019,25/11/2019,1/12/2019
2019,November,48,27/11/2019,25/11/2019,1/12/2019
2019,November,48,28/11/2019,25/11/2019,1/12/2019
2019,November,48,29/11/2019,25/11/2019,1/12/2019
2019,November,48,30/11/2019,25/11/2019,1/12/2019
2019,November,48,1/12/2019,25/11/2019,1/12/2019
2019,December,49,2/12/2019,2/12/2019,8/12/2019
2019,December,49,3/12/2019,2/12/2019,8/12/2019
2019,December,49,4/12/2019,2/12/2019,8/12/2019
2019,December,49,5/12/2019,2/12/2019,8/12/2019
2019,December,49,6/12/2019,2/12/2019,8/12/2019
2019,December,49,7/12/2019,2/12/2019,8/12/2019
2019,December,49,8/12/2019,2/12/2019,8/12/2019
2019,December,50,9/12/2019,9/12/2019,15/12/2019
2019,December,50,10/12/2019,9/12/2019,15/12/2019
2019,December,50,11/12/2019,9/12/2019,15/12/2019
2019,December,50,12/12/2019,9/12/2019,15/12/2019
2019,December,50,13/12/2019,9/12/2019,15/12/2019
2019,December,50,14/12/2019,9/12/2019,15/12/2019
2019,December,50,15/12/2019,9/12/2019,15/12/2019
2019,December,51,16/12/2019,16/12/2019,22/12/2019
2019,December,51,17/12/2019,16/12/2019,22/12/2019
2019,December,51,18/12/2019,16/12/2019,22/12/2019
2019,December,51,19/12/2019,16/12/2019,22/12/2019
2019,December,51,20/12/2019,16/12/2019,22/12/2019
2019,December,51,21/12/2019,16/12/2019,22/12/2019
2019,December,51,22/12/2019,16/12/2019,22/12/2019
2019,December,52,23/12/2019,23/12/2019,29/12/2019
2019,December,52,24/12/2019,23/12/2019,29/12/2019
2019,December,52,25/12/2019,23/12/2019,29/12/2019
2019,December,52,26/12/2019,23/12/2019,29/12/2019
2019,December,52,27/12/2019,23/12/2019,29/12/2019
2019,December,52,28/12/2019,23/12/2019,29/12/2019
2019,December,52,29/12/2019,23/12/2019,29/12/2019
2019,December,53,30/12/2019,30/12/2019,5/01/2020
2019,December,53,31/12/2019,30/12/2019,5/01/2020
2019,December,53,1/01/2020,30/12/2019,5/01/2020
2019,December,53,2/01/2020,30/12/2019,5/01/2020
2019,December,53,3/01/2020,30/12/2019,5/01/2020
2019,December,53,4/01/2020,30/12/2019,5/01/2020
2019,December,53,5/01/2020,30/12/2019,5/01/2020
2020,January,1,6/01/2020,6/01/2020,12/01/2020
2020,January,1,7/01/2020,6/01/2020,12/01/2020
2020,January,1,8/01/2020,6/01/2020,12/01/2020
2020,January,1,9/01/2020,6/01/2020,12/01/2020
2020,January,1,10/01/2020,6/01/2020,12/01/2020
2020,January,1,11/01/2020,6/01/2020,12/01/2020
2020,January,1,12/01/2020,6/01/2020,12/01/2020
2020,January,2,13/01/2020,13/01/2020,19/01/2020
2020,January,2,14/01/2020,13/01/2020,19/01/2020
2020,January,2,15/01/2020,13/01/2020,19/01/2020
2020,January,2,16/01/2020,13/01/2020,19/01/2020
2020,January,2,17/01/2020,13/01/2020,19/01/2020
2020,January,2,18/01/2020,13/01/2020,19/01/2020
2020,January,2,19/01/2020,13/01/2020,19/01/2020
2020,January,3,20/01/2020,20/01/2020,26/01/2020
2020,January,3,21/01/2020,20/01/2020,26/01/2020
2020,January,3,22/01/2020,20/01/2020,26/01/2020
2020,January,3,23/01/2020,20/01/2020,26/01/2020
2020,January,3,24/01/2020,20/01/2020,26/01/2020
2020,January,3,25/01/2020,20/01/2020,26/01/2020
2020,January,3,26/01/2020,20/01/2020,26/01/2020
2020,January,4,27/01/2020,27/01/2020,2/02/2020
2020,January,4,28/01/2020,27/01/2020,2/02/2020
2020,January,4,29/01/2020,27/01/2020,2/02/2020
2020,January,4,30/01/2020,27/01/2020,2/02/2020
2020,January,4,31/01/2020,27/01/2020,2/02/2020
2020,January,4,1/02/2020,27/01/2020,2/02/2020
2020,January,4,2/02/2020,27/01/2020,2/02/2020
2020,February,5,3/02/2020,3/02/2020,9/02/2020
2020,February,5,4/02/2020,3/02/2020,9/02/2020
2020,February,5,5/02/2020,3/02/2020,9/02/2020
2020,February,5,6/02/2020,3/02/2020,9/02/2020
2020,February,5,7/02/2020,3/02/2020,9/02/2020
2020,February,5,8/02/2020,3/02/2020,9/02/2020
2020,February,5,9/02/2020,3/02/2020,9/02/2020
2020,February,6,10/02/2020,10/02/2020,16/02/2020
2020,February,6,11/02/2020,10/02/2020,16/02/2020
2020,February,6,12/02/2020,10/02/2020,16/02/2020
2020,February,6,13/02/2020,10/02/2020,16/02/2020
2020,February,6,14/02/2020,10/02/2020,16/02/2020
2020,February,6,15/02/2020,10/02/2020,16/02/2020
2020,February,6,16/02/2020,10/02/2020,16/02/2020
2020,February,7,17/02/2020,17/02/2020,23/02/2020
2020,February,7,18/02/2020,17/02/2020,23/02/2020
2020,February,7,19/02/2020,17/02/2020,23/02/2020
2020,February,7,20/02/2020,17/02/2020,23/02/2020
2020,February,7,21/02/2020,17/02/2020,23/02/2020
2020,February,7,22/02/2020,17/02/2020,23/02/2020
2020,February,7,23/02/2020,17/02/2020,23/02/2020
2020,February,8,24/02/2020,24/02/2020,1/03/2020
2020,February,8,25/02/2020,24/02/2020,1/03/2020
2020,February,8,26/02/2020,24/02/2020,1/03/2020
2020,February,8,27/02/2020,24/02/2020,1/03/2020
2020,February,8,28/02/2020,24/02/2020,1/03/2020
2020,February,8,29/02/2020,24/02/2020,1/03/2020
2020,February,8,1/03/2020,24/02/2020,1/03/2020
2020,February,9,2/03/2020,2/03/2020,8/03/2020
2020,February,9,3/03/2020,2/03/2020,8/03/2020
2020,February,9,4/03/2020,2/03/2020,8/03/2020
2020,February,9,5/03/2020,2/03/2020,8/03/2020
2020,February,9,6/03/2020,2/03/2020,8/03/2020
2020,February,9,7/03/2020,2/03/2020,8/03/2020
2020,February,9,8/03/2020,2/03/2020,8/03/2020
2020,March,10,9/03/2020,9/03/2020,15/03/2020
2020,March,10,10/03/2020,9/03/2020,15/03/2020
2020,March,10,11/03/2020,9/03/2020,15/03/2020
2020,March,10,12/03/2020,9/03/2020,15/03/2020
2020,March,10,13/03/2020,9/03/2020,15/03/2020
2020,March,10,14/03/2020,9/03/2020,15/03/2020
2020,March,10,15/03/2020,9/03/2020,15/03/2020
2020,March,11,16/03/2020,16/03/2020,22/03/2020
2020,March,11,17/03/2020,16/03/2020,22/03/2020
2020,March,11,18/03/2020,16/03/2020,22/03/2020
2020,March,11,19/03/2020,16/03/2020,22/03/2020
2020,March,11,20/03/2020,16/03/2020,22/03/2020
2020,March,11,21/03/2020,16/03/2020,22/03/2020
2020,March,11,22/03/2020,16/03/2020,22/03/2020
2020,March,12,23/03/2020,23/03/2020,29/03/2020
2020,March,12,24/03/2020,23/03/2020,29/03/2020
2020,March,12,25/03/2020,23/03/2020,29/03/2020
2020,March,12,26/03/2020,23/03/2020,29/03/2020
2020,March,12,27/03/2020,23/03/2020,29/03/2020
2020,March,12,28/03/2020,23/03/2020,29/03/2020
2020,March,12,29/03/2020,23/03/2020,29/03/2020
2020,March,13,30/03/2020,30/03/2020,5/04/2020
2020,March,13,31/03/2020,30/03/2020,5/04/2020
2020,March,13,1/04/2020,30/03/2020,5/04/2020
2020,March,13,2/04/2020,30/03/2020,5/04/2020
2020,March,13,3/04/2020,30/03/2020,5/04/2020
2020,March,13,4/04/2020,30/03/2020,5/04/2020
2020,March,13,5/04/2020,30/03/2020,5/04/2020
2020,April,14,6/04/2020,6/04/2020,12/04/2020
2020,April,14,7/04/2020,6/04/2020,12/04/2020
2020,April,14,8/04/2020,6/04/2020,12/04/2020
2020,April,14,9/04/2020,6/04/2020,12/04/2020
2020,April,14,10/04/2020,6/04/2020,12/04/2020
2020,April,14,11/04/2020,6/04/2020,12/04/2020
2020,April,14,12/04/2020,6/04/2020,12/04/2020
2020,April,15,13/04/2020,13/04/2020,19/04/2020
2020,April,15,14/04/2020,13/04/2020,19/04/2020
2020,April,15,15/04/2020,13/04/2020,19/04/2020
2020,April,15,16/04/2020,13/04/2020,19/04/2020
2020,April,15,17/04/2020,13/04/2020,19/04/2020
2020,April,15,18/04/2020,13/04/2020,19/04/2020
2020,April,15,19/04/2020,13/04/2020,19/04/2020
2020,April,16,20/04/2020,20/04/2020,26/04/2020
2020,April,16,21/04/2020,20/04/2020,26/04/2020
2020,April,16,22/04/2020,20/04/2020,26/04/2020
2020,April,16,23/04/2020,20/04/2020,26/04/2020
2020,April,16,24/04/2020,20/04/2020,26/04/2020
2020,April,16,25/04/2020,20/04/2020,26/04/2020
2020,April,16,26/04/2020,20/04/2020,26/04/2020
2020,April,17,27/04/2020,27/04/2020,3/05/2020
2020,April,17,28/04/2020,27/04/2020,3/05/2020
2020,April,17,29/04/2020,27/04/2020,3/05/2020
2020,April,17,30/04/2020,27/04/2020,3/05/2020
2020,April,17,1/05/2020,27/04/2020,3/05/2020
2020,April,17,2/05/2020,27/04/2020,3/05/2020
2020,April,17,3/05/2020,27/04/2020,3/05/2020
2020,May,18,4/05/2020,4/05/2020,10/05/2020
2020,May,18,5/05/2020,4/05/2020,10/05/2020
2020,May,18,6/05/2020,4/05/2020,10/05/2020
2020,May,18,7/05/2020,4/05/2020,10/05/2020
2020,May,18,8/05/2020,4/05/2020,10/05/2020
2020,May,18,9/05/2020,4/05/2020,10/05/2020
2020,May,18,10/05/2020,4/05/2020,10/05/2020
2020,May,19,11/05/2020,11/05/2020,17/05/2020
2020,May,19,12/05/2020,11/05/2020,17/05/2020
2020,May,19,13/05/2020,11/05/2020,17/05/2020
2020,May,19,14/05/2020,11/05/2020,17/05/2020
2020,May,19,15/05/2020,11/05/2020,17/05/2020
2020,May,19,16/05/2020,11/05/2020,17/05/2020
2020,May,19,17/05/2020,11/05/2020,17/05/2020
2020,May,20,18/05/2020,18/05/2020,24/05/2020
2020,May,20,19/05/2020,18/05/2020,24/05/2020
2020,May,20,20/05/2020,18/05/2020,24/05/2020
2020,May,20,21/05/2020,18/05/2020,24/05/2020
2020,May,20,22/05/2020,18/05/2020,24/05/2020
2020,May,20,23/05/2020,18/05/2020,24/05/2020
2020,May,20,24/05/2020,18/05/2020,24/05/2020
2020,May,21,25/05/2020,25/05/2020,31/05/2020
2020,May,21,26/05/2020,25/05/2020,31/05/2020
2020,May,21,27/05/2020,25/05/2020,31/05/2020
2020,May,21,28/05/2020,25/05/2020,31/05/2020
2020,May,21,29/05/2020,25/05/2020,31/05/2020
2020,May,21,30/05/2020,25/05/2020,31/05/2020
2020,May,21,31/05/2020,25/05/2020,31/05/2020
2020,June,22,1/06/2020,1/06/2020,7/06/2020
2020,June,22,2/06/2020,1/06/2020,7/06/2020
2020,June,22,3/06/2020,1/06/2020,7/06/2020
2020,June,22,4/06/2020,1/06/2020,7/06/2020
2020,June,22,5/06/2020,1/06/2020,7/06/2020
2020,June,22,6/06/2020,1/06/2020,7/06/2020
2020,June,22,7/06/2020,1/06/2020,7/06/2020
2020,June,23,8/06/2020,8/06/2020,14/06/2020
2020,June,23,9/06/2020,8/06/2020,14/06/2020
2020,June,23,10/06/2020,8/06/2020,14/06/2020
2020,June,23,11/06/2020,8/06/2020,14/06/2020
2020,June,23,12/06/2020,8/06/2020,14/06/2020
2020,June,23,13/06/2020,8/06/2020,14/06/2020
2020,June,23,14/06/2020,8/06/2020,14/06/2020
2020,June,24,15/06/2020,15/06/2020,21/06/2020
2020,June,24,16/06/2020,15/06/2020,21/06/2020
2020,June,24,17/06/2020,15/06/2020,21/06/2020
2020,June,24,18/06/2020,15/06/2020,21/06/2020
2020,June,24,19/06/2020,15/06/2020,21/06/2020
2020,June,24,20/06/2020,15/06/2020,21/06/2020
2020,June,24,21/06/2020,15/06/2020,21/06/2020
2020,June,25,22/06/2020,22/06/2020,28/06/2020
2020,June,25,23/06/2020,22/06/2020,28/06/2020
2020,June,25,24/06/2020,22/06/2020,28/06/2020
2020,June,25,25/06/2020,22/06/2020,28/06/2020
2020,June,25,26/06/2020,22/06/2020,28/06/2020
2020,June,25,27/06/2020,22/06/2020,28/06/2020
2020,June,25,28/06/2020,22/06/2020,28/06/2020
2020,July,26,29/06/2020,29/06/2020,5/07/2020
2020,July,26,30/06/2020,29/06/2020,5/07/2020
2020,July,26,1/07/2020,29/06/2020,5/07/2020
2020,July,26,2/07/2020,29/06/2020,5/07/2020
2020,July,26,3/07/2020,29/06/2020,5/07/2020
2020,July,26,4/07/2020,29/06/2020,5/07/2020
2020,July,26,5/07/2020,29/06/2020,5/07/2020
2020,July,27,6/07/2020,6/07/2020,12/07/2020
2020,July,27,7/07/2020,6/07/2020,12/07/2020
2020,July,27,8/07/2020,6/07/2020,12/07/2020
2020,July,27,9/07/2020,6/07/2020,12/07/2020
2020,July,27,10/07/2020,6/07/2020,12/07/2020
2020,July,27,11/07/2020,6/07/2020,12/07/2020
2020,July,27,12/07/2020,6/07/2020,12/07/2020
2020,July,28,13/07/2020,13/07/2020,19/07/2020
2020,July,28,14/07/2020,13/07/2020,19/07/2020
2020,July,28,15/07/2020,13/07/2020,19/07/2020
2020,July,28,16/07/2020,13/07/2020,19/07/2020
2020,July,28,17/07/2020,13/07/2020,19/07/2020
2020,July,28,18/07/2020,13/07/2020,19/07/2020
2020,July,28,19/07/2020,13/07/2020,19/07/2020
2020,July,29,20/07/2020,20/07/2020,26/07/2020
2020,July,29,21/07/2020,20/07/2020,26/07/2020
2020,July,29,22/07/2020,20/07/2020,26/07/2020
2020,July,29,23/07/2020,20/07/2020,26/07/2020
2020,July,29,24/07/2020,20/07/2020,26/07/2020
2020,July,29,25/07/2020,20/07/2020,26/07/2020
2020,July,29,26/07/2020,20/07/2020,26/07/2020
2020,July,30,27/07/2020,27/07/2020,2/08/2020
2020,July,30,28/07/2020,27/07/2020,2/08/2020
2020,July,30,29/07/2020,27/07/2020,2/08/2020
2020,July,30,30/07/2020,27/07/2020,2/08/2020
2020,July,30,31/07/2020,27/07/2020,2/08/2020
2020,July,30,1/08/2020,27/07/2020,2/08/2020
2020,July,30,2/08/2020,27/07/2020,2/08/2020
2020,August,31,3/08/2020,3/08/2020,9/08/2020
2020,August,31,4/08/2020,3/08/2020,9/08/2020
2020,August,31,5/08/2020,3/08/2020,9/08/2020
2020,August,31,6/08/2020,3/08/2020,9/08/2020
2020,August,31,7/08/2020,3/08/2020,9/08/2020
2020,August,31,8/08/2020,3/08/2020,9/08/2020
2020,August,31,9/08/2020,3/08/2020,9/08/2020
2020,August,32,10/08/2020,10/08/2020,16/08/2020
2020,August,32,11/08/2020,10/08/2020,16/08/2020
2020,August,32,12/08/2020,10/08/2020,16/08/2020
2020,August,32,13/08/2020,10/08/2020,16/08/2020
2020,August,32,14/08/2020,10/08/2020,16/08/2020
2020,August,32,15/08/2020,10/08/2020,16/08/2020
2020,August,32,16/08/2020,10/08/2020,16/08/2020
2020,August,33,17/08/2020,17/08/2020,23/08/2020
2020,August,33,18/08/2020,17/08/2020,23/08/2020
2020,August,33,19/08/2020,17/08/2020,23/08/2020
2020,August,33,20/08/2020,17/08/2020,23/08/2020
2020,August,33,21/08/2020,17/08/2020,23/08/2020
2020,August,33,22/08/2020,17/08/2020,23/08/2020
2020,August,33,23/08/2020,17/08/2020,23/08/2020
2020,August,34,24/08/2020,24/08/2020,30/08/2020
2020,August,34,25/08/2020,24/08/2020,30/08/2020
2020,August,34,26/08/2020,24/08/2020,30/08/2020
2020,August,34,27/08/2020,24/08/2020,30/08/2020
2020,August,34,28/08/2020,24/08/2020,30/08/2020
2020,August,34,29/08/2020,24/08/2020,30/08/2020
2020,August,34,30/08/2020,24/08/2020,30/08/2020
2020,August,35,31/08/2020,31/08/2020,6/09/2020
2020,August,35,1/09/2020,31/08/2020,6/09/2020
2020,August,35,2/09/2020,31/08/2020,6/09/2020
2020,August,35,3/09/2020,31/08/2020,6/09/2020
2020,August,35,4/09/2020,31/08/2020,6/09/2020
2020,August,35,5/09/2020,31/08/2020,6/09/2020
2020,August,35,6/09/2020,31/08/2020,6/09/2020
2020,September,36,7/09/2020,7/09/2020,13/09/2020
2020,September,36,8/09/2020,7/09/2020,13/09/2020
2020,September,36,9/09/2020,7/09/2020,13/09/2020
2020,September,36,10/09/2020,7/09/2020,13/09/2020
2020,September,36,11/09/2020,7/09/2020,13/09/2020
2020,September,36,12/09/2020,7/09/2020,13/09/2020
2020,September,36,13/09/2020,7/09/2020,13/09/2020
2020,September,37,14/09/2020,14/09/2020,20/09/2020
2020,September,37,15/09/2020,14/09/2020,20/09/2020
2020,September,37,16/09/2020,14/09/2020,20/09/2020
2020,September,37,17/09/2020,14/09/2020,20/09/2020
2020,September,37,18/09/2020,14/09/2020,20/09/2020
2020,September,37,19/09/2020,14/09/2020,20/09/2020
2020,September,37,20/09/2020,14/09/2020,20/09/2020
2020,September,38,21/09/2020,21/09/2020,27/09/2020
2020,September,38,22/09/2020,21/09/2020,27/09/2020
2020,September,38,23/09/2020,21/09/2020,27/09/2020
2020,September,38,24/09/2020,21/09/2020,27/09/2020
2020,September,38,25/09/2020,21/09/2020,27/09/2020
2020,September,38,26/09/2020,21/09/2020,27/09/2020
2020,September,38,27/09/2020,21/09/2020,27/09/2020
2020,September,39,28/09/2020,28/09/2020,4/10/2020
2020,September,39,29/09/2020,28/09/2020,4/10/2020
2020,September,39,30/09/2020,28/09/2020,4/10/2020
2020,September,39,1/10/2020,28/09/2020,4/10/2020
2020,September,39,2/10/2020,28/09/2020,4/10/2020
2020,September,39,3/10/2020,28/09/2020,4/10/2020
2020,September,39,4/10/2020,28/09/2020,4/10/2020
2020,October,40,5/10/2020,5/10/2020,11/10/2020
2020,October,40,6/10/2020,5/10/2020,11/10/2020
2020,October,40,7/10/2020,5/10/2020,11/10/2020
2020,October,40,8/10/2020,5/10/2020,11/10/2020
2020,October,40,9/10/2020,5/10/2020,11/10/2020
2020,October,40,10/10/2020,5/10/2020,11/10/2020
2020,October,40,11/10/2020,5/10/2020,11/10/2020
2020,October,41,12/10/2020,12/10/2020,18/10/2020
2020,October,41,13/10/2020,12/10/2020,18/10/2020
2020,October,41,14/10/2020,12/10/2020,18/10/2020
2020,October,41,15/10/2020,12/10/2020,18/10/2020
2020,October,41,16/10/2020,12/10/2020,18/10/2020
2020,October,41,17/10/2020,12/10/2020,18/10/2020
2020,October,41,18/10/2020,12/10/2020,18/10/2020
2020,October,42,19/10/2020,19/10/2020,25/10/2020
2020,October,42,20/10/2020,19/10/2020,25/10/2020
2020,October,42,21/10/2020,19/10/2020,25/10/2020
2020,October,42,22/10/2020,19/10/2020,25/10/2020
2020,October,42,23/10/2020,19/10/2020,25/10/2020
2020,October,42,24/10/2020,19/10/2020,25/10/2020
2020,October,42,25/10/2020,19/10/2020,25/10/2020
2020,October,43,26/10/2020,26/10/2020,1/11/2020
2020,October,43,27/10/2020,26/10/2020,1/11/2020
2020,October,43,28/10/2020,26/10/2020,1/11/2020
2020,October,43,29/10/2020,26/10/2020,1/11/2020
2020,October,43,30/10/2020,26/10/2020,1/11/2020
2020,October,43,31/10/2020,26/10/2020,1/11/2020
2020,October,43,1/11/2020,26/10/2020,1/11/2020
2020,November,44,2/11/2020,2/11/2020,8/11/2020
2020,November,44,3/11/2020,2/11/2020,8/11/2020
2020,November,44,4/11/2020,2/11/2020,8/11/2020
2020,November,44,5/11/2020,2/11/2020,8/11/2020
2020,November,44,6/11/2020,2/11/2020,8/11/2020
2020,November,44,7/11/2020,2/11/2020,8/11/2020
2020,November,44,8/11/2020,2/11/2020,8/11/2020
2020,November,45,9/11/2020,9/11/2020,15/11/2020
2020,November,45,10/11/2020,9/11/2020,15/11/2020
2020,November,45,11/11/2020,9/11/2020,15/11/2020
2020,November,45,12/11/2020,9/11/2020,15/11/2020
2020,November,45,13/11/2020,9/11/2020,15/11/2020
2020,November,45,14/11/2020,9/11/2020,15/11/2020
2020,November,45,15/11/2020,9/11/2020,15/11/2020
2020,November,46,16/11/2020,16/11/2020,22/11/2020
2020,November,46,17/11/2020,16/11/2020,22/11/2020
2020,November,46,18/11/2020,16/11/2020,22/11/2020
2020,November,46,19/11/2020,16/11/2020,22/11/2020
2020,November,46,20/11/2020,16/11/2020,22/11/2020
2020,November,46,21/11/2020,16/11/2020,22/11/2020
2020,November,46,22/11/2020,16/11/2020,22/11/2020
2020,November,47,23/11/2020,23/11/2020,29/11/2020
2020,November,47,24/11/2020,23/11/2020,29/11/2020
2020,November,47,25/11/2020,23/11/2020,29/11/2020
2020,November,47,26/11/2020,23/11/2020,29/11/2020
2020,November,47,27/11/2020,23/11/2020,29/11/2020
2020,November,47,28/11/2020,23/11/2020,29/11/2020
2020,November,47,29/11/2020,23/11/2020,29/11/2020
2020,December,48,30/11/2020,30/11/2020,6/12/2020
2020,December,48,1/12/2020,30/11/2020,6/12/2020
2020,December,48,2/12/2020,30/11/2020,6/12/2020
2020,December,48,3/12/2020,30/11/2020,6/12/2020
2020,December,48,4/12/2020,30/11/2020,6/12/2020
2020,December,48,5/12/2020,30/11/2020,6/12/2020
2020,December,48,6/12/2020,30/11/2020,6/12/2020
2020,December,49,7/12/2020,7/12/2020,13/12/2020
2020,December,49,8/12/2020,7/12/2020,13/12/2020
2020,December,49,9/12/2020,7/12/2020,13/12/2020
2020,December,49,10/12/2020,7/12/2020,13/12/2020
2020,December,49,11/12/2020,7/12/2020,13/12/2020
2020,December,49,12/12/2020,7/12/2020,13/12/2020
2020,December,49,13/12/2020,7/12/2020,13/12/2020
2020,December,50,14/12/2020,14/12/2020,20/12/2020
2020,December,50,15/12/2020,14/12/2020,20/12/2020
2020,December,50,16/12/2020,14/12/2020,20/12/2020
2020,December,50,17/12/2020,14/12/2020,20/12/2020
2020,December,50,18/12/2020,14/12/2020,20/12/2020
2020,December,50,19/12/2020,14/12/2020,20/12/2020
2020,December,50,20/12/2020,14/12/2020,20/12/2020
2020,December,51,21/12/2020,21/12/2020,27/12/2020
2020,December,51,22/12/2020,21/12/2020,27/12/2020
2020,December,51,23/12/2020,21/12/2020,27/12/2020
2020,December,51,24/12/2020,21/12/2020,27/12/2020
2020,December,51,25/12/2020,21/12/2020,27/12/2020
2020,December,51,26/12/2020,21/12/2020,27/12/2020
2020,December,51,27/12/2020,21/12/2020,27/12/2020
2020,December,52,28/12/2020,28/12/2020,3/01/2021
2020,December,52,29/12/2020,28/12/2020,3/01/2021
2020,December,52,30/12/2020,28/12/2020,3/01/2021
2020,December,52,31/12/2020,28/12/2020,3/01/2021
2020,December,52,1/01/2021,28/12/2020,3/01/2021
2020,December,52,2/01/2021,28/12/2020,3/01/2021
2020,December,52,3/01/2021,28/12/2020,3/01/2021
2021,January,1,4/01/2021,4/01/2021,10/01/2021
2021,January,1,5/01/2021,4/01/2021,10/01/2021
2021,January,1,6/01/2021,4/01/2021,10/01/2021
2021,January,1,7/01/2021,4/01/2021,10/01/2021
2021,January,1,8/01/2021,4/01/2021,10/01/2021
2021,January,1,9/01/2021,4/01/2021,10/01/2021
2021,January,1,10/01/2021,4/01/2021,10/01/2021
2021,January,2,11/01/2021,11/01/2021,17/01/2021
2021,January,2,12/01/2021,11/01/2021,17/01/2021
2021,January,2,13/01/2021,11/01/2021,17/01/2021
2021,January,2,14/01/2021,11/01/2021,17/01/2021
2021,January,2,15/01/2021,11/01/2021,17/01/2021
2021,January,2,16/01/2021,11/01/2021,17/01/2021
2021,January,2,17/01/2021,11/01/2021,17/01/2021
2021,January,3,18/01/2021,18/01/2021,24/01/2021
2021,January,3,19/01/2021,18/01/2021,24/01/2021
2021,January,3,20/01/2021,18/01/2021,24/01/2021
2021,January,3,21/01/2021,18/01/2021,24/01/2021
2021,January,3,22/01/2021,18/01/2021,24/01/2021
2021,January,3,23/01/2021,18/01/2021,24/01/2021
2021,January,3,24/01/2021,18/01/2021,24/01/2021
2021,January,4,25/01/2021,25/01/2021,31/01/2021
2021,January,4,26/01/2021,25/01/2021,31/01/2021
2021,January,4,27/01/2021,25/01/2021,31/01/2021
2021,January,4,28/01/2021,25/01/2021,31/01/2021
2021,January,4,29/01/2021,25/01/2021,31/01/2021
2021,January,4,30/01/2021,25/01/2021,31/01/2021
2021,January,4,31/01/2021,25/01/2021,31/01/2021
2021,February,5,1/02/2021,1/02/2021,7/02/2021
2021,February,5,2/02/2021,1/02/2021,7/02/2021
2021,February,5,3/02/2021,1/02/2021,7/02/2021
2021,February,5,4/02/2021,1/02/2021,7/02/2021
2021,February,5,5/02/2021,1/02/2021,7/02/2021
2021,February,5,6/02/2021,1/02/2021,7/02/2021
2021,February,5,7/02/2021,1/02/2021,7/02/2021
2021,February,6,8/02/2021,8/02/2021,14/02/2021
2021,February,6,9/02/2021,8/02/2021,14/02/2021
2021,February,6,10/02/2021,8/02/2021,14/02/2021
2021,February,6,11/02/2021,8/02/2021,14/02/2021
2021,February,6,12/02/2021,8/02/2021,14/02/2021
2021,February,6,13/02/2021,8/02/2021,14/02/2021
2021,February,6,14/02/2021,8/02/2021,14/02/2021
2021,February,7,15/02/2021,15/02/2021,21/02/2021
2021,February,7,16/02/2021,15/02/2021,21/02/2021
2021,February,7,17/02/2021,15/02/2021,21/02/2021
2021,February,7,18/02/2021,15/02/2021,21/02/2021
2021,February,7,19/02/2021,15/02/2021,21/02/2021
2021,February,7,20/02/2021,15/02/2021,21/02/2021
2021,February,7,21/02/2021,15/02/2021,21/02/2021
2021,February,8,22/02/2021,22/02/2021,28/02/2021
2021,February,8,23/02/2021,22/02/2021,28/02/2021
2021,February,8,24/02/2021,22/02/2021,28/02/2021
2021,February,8,25/02/2021,22/02/2021,28/02/2021
2021,February,8,26/02/2021,22/02/2021,28/02/2021
2021,February,8,27/02/2021,22/02/2021,28/02/2021
2021,February,8,28/02/2021,22/02/2021,28/02/2021
2021,February,9,1/03/2021,1/03/2021,7/03/2021
2021,February,9,2/03/2021,1/03/2021,7/03/2021
2021,February,9,3/03/2021,1/03/2021,7/03/2021
2021,February,9,4/03/2021,1/03/2021,7/03/2021
2021,February,9,5/03/2021,1/03/2021,7/03/2021
2021,February,9,6/03/2021,1/03/2021,7/03/2021
2021,February,9,7/03/2021,1/03/2021,7/03/2021
2021,March,10,8/03/2021,8/03/2021,14/03/2021
2021,March,10,9/03/2021,8/03/2021,14/03/2021
2021,March,10,10/03/2021,8/03/2021,14/03/2021
2021,March,10,11/03/2021,8/03/2021,14/03/2021
2021,March,10,12/03/2021,8/03/2021,14/03/2021
2021,March,10,13/03/2021,8/03/2021,14/03/2021
2021,March,10,14/03/2021,8/03/2021,14/03/2021
2021,March,11,15/03/2021,15/03/2021,21/03/2021
2021,March,11,16/03/2021,15/03/2021,21/03/2021
2021,March,11,17/03/2021,15/03/2021,21/03/2021
2021,March,11,18/03/2021,15/03/2021,21/03/2021
2021,March,11,19/03/2021,15/03/2021,21/03/2021
2021,March,11,20/03/2021,15/03/2021,21/03/2021
2021,March,11,21/03/2021,15/03/2021,21/03/2021
2021,March,12,22/03/2021,22/03/2021,28/03/2021
2021,March,12,23/03/2021,22/03/2021,28/03/2021
2021,March,12,24/03/2021,22/03/2021,28/03/2021
2021,March,12,25/03/2021,22/03/2021,28/03/2021
2021,March,12,26/03/2021,22/03/2021,28/03/2021
2021,March,12,27/03/2021,22/03/2021,28/03/2021
2021,March,12,28/03/2021,22/03/2021,28/03/2021
2021,March,13,29/03/2021,29/03/2021,4/04/2021
2021,March,13,30/03/2021,29/03/2021,4/04/2021
2021,March,13,31/03/2021,29/03/2021,4/04/2021
2021,March,13,1/04/2021,29/03/2021,4/04/2021
2021,March,13,2/04/2021,29/03/2021,4/04/2021
2021,March,13,3/04/2021,29/03/2021,4/04/2021
2021,March,13,4/04/2021,29/03/2021,4/04/2021
2021,April,14,5/04/2021,5/04/2021,11/04/2021
2021,April,14,6/04/2021,5/04/2021,11/04/2021
2021,April,14,7/04/2021,5/04/2021,11/04/2021
2021,April,14,8/04/2021,5/04/2021,11/04/2021
2021,April,14,9/04/2021,5/04/2021,11/04/2021
2021,April,14,10/04/2021,5/04/2021,11/04/2021
2021,April,14,11/04/2021,5/04/2021,11/04/2021
2021,April,15,12/04/2021,12/04/2021,18/04/2021
2021,April,15,13/04/2021,12/04/2021,18/04/2021
2021,April,15,14/04/2021,12/04/2021,18/04/2021
2021,April,15,15/04/2021,12/04/2021,18/04/2021
2021,April,15,16/04/2021,12/04/2021,18/04/2021
2021,April,15,17/04/2021,12/04/2021,18/04/2021
2021,April,15,18/04/2021,12/04/2021,18/04/2021
2021,April,16,19/04/2021,19/04/2021,25/04/2021
2021,April,16,20/04/2021,19/04/2021,25/04/2021
2021,April,16,21/04/2021,19/04/2021,25/04/2021
2021,April,16,22/04/2021,19/04/2021,25/04/2021
2021,April,16,23/04/2021,19/04/2021,25/04/2021
2021,April,16,24/04/2021,19/04/2021,25/04/2021
2021,April,16,25/04/2021,19/04/2021,25/04/2021
2021,April,17,26/04/2021,26/04/2021,2/05/2021
2021,April,17,27/04/2021,26/04/2021,2/05/2021
2021,April,17,28/04/2021,26/04/2021,2/05/2021
2021,April,17,29/04/2021,26/04/2021,2/05/2021
2021,April,17,30/04/2021,26/04/2021,2/05/2021
2021,April,17,1/05/2021,26/04/2021,2/05/2021
2021,April,17,2/05/2021,26/04/2021,2/05/2021
2021,May,18,3/05/2021,3/05/2021,9/05/2021
2021,May,18,4/05/2021,3/05/2021,9/05/2021
2021,May,18,5/05/2021,3/05/2021,9/05/2021
2021,May,18,6/05/2021,3/05/2021,9/05/2021
2021,May,18,7/05/2021,3/05/2021,9/05/2021
2021,May,18,8/05/2021,3/05/2021,9/05/2021
2021,May,18,9/05/2021,3/05/2021,9/05/2021
2021,May,19,10/05/2021,10/05/2021,16/05/2021
2021,May,19,11/05/2021,10/05/2021,16/05/2021
2021,May,19,12/05/2021,10/05/2021,16/05/2021
2021,May,19,13/05/2021,10/05/2021,16/05/2021
2021,May,19,14/05/2021,10/05/2021,16/05/2021
2021,May,19,15/05/2021,10/05/2021,16/05/2021
2021,May,19,16/05/2021,10/05/2021,16/05/2021
2021,May,20,17/05/2021,17/05/2021,23/05/2021
2021,May,20,18/05/2021,17/05/2021,23/05/2021
2021,May,20,19/05/2021,17/05/2021,23/05/2021
2021,May,20,20/05/2021,17/05/2021,23/05/2021
2021,May,20,21/05/2021,17/05/2021,23/05/2021
2021,May,20,22/05/2021,17/05/2021,23/05/2021
2021,May,20,23/05/2021,17/05/2021,23/05/2021
2021,May,21,24/05/2021,24/05/2021,30/05/2021
2021,May,21,25/05/2021,24/05/2021,30/05/2021
2021,May,21,26/05/2021,24/05/2021,30/05/2021
2021,May,21,27/05/2021,24/05/2021,30/05/2021
2021,May,21,28/05/2021,24/05/2021,30/05/2021
2021,May,21,29/05/2021,24/05/2021,30/05/2021
2021,May,21,30/05/2021,24/05/2021,30/05/2021
2021,June,22,31/05/2021,31/05/2021,6/06/2021
2021,June,22,1/06/2021,31/05/2021,6/06/2021
2021,June,22,2/06/2021,31/05/2021,6/06/2021
2021,June,22,3/06/2021,31/05/2021,6/06/2021
2021,June,22,4/06/2021,31/05/2021,6/06/2021
2021,June,22,5/06/2021,31/05/2021,6/06/2021
2021,June,22,6/06/2021,31/05/2021,6/06/2021
2021,June,23,7/06/2021,7/06/2021,13/06/2021
2021,June,23,8/06/2021,7/06/2021,13/06/2021
2021,June,23,9/06/2021,7/06/2021,13/06/2021
2021,June,23,10/06/2021,7/06/2021,13/06/2021
2021,June,23,11/06/2021,7/06/2021,13/06/2021
2021,June,23,12/06/2021,7/06/2021,13/06/2021
2021,June,23,13/06/2021,7/06/2021,13/06/2021
2021,June,24,14/06/2021,14/06/2021,20/06/2021
2021,June,24,15/06/2021,14/06/2021,20/06/2021
2021,June,24,16/06/2021,14/06/2021,20/06/2021
2021,June,24,17/06/2021,14/06/2021,20/06/2021
2021,June,24,18/06/2021,14/06/2021,20/06/2021
2021,June,24,19/06/2021,14/06/2021,20/06/2021
2021,June,24,20/06/2021,14/06/2021,20/06/2021
2021,June,25,21/06/2021,21/06/2021,27/06/2021
2021,June,25,22/06/2021,21/06/2021,27/06/2021
2021,June,25,23/06/2021,21/06/2021,27/06/2021
2021,June,25,24/06/2021,21/06/2021,27/06/2021
2021,June,25,25/06/2021,21/06/2021,27/06/2021
2021,June,25,26/06/2021,21/06/2021,27/06/2021
2021,June,25,27/06/2021,21/06/2021,27/06/2021
2021,July,26,28/06/2021,28/06/2021,4/07/2021
2021,July,26,29/06/2021,28/06/2021,4/07/2021
2021,July,26,30/06/2021,28/06/2021,4/07/2021
2021,July,26,1/07/2021,28/06/2021,4/07/2021
2021,July,26,2/07/2021,28/06/2021,4/07/2021
2021,July,26,3/07/2021,28/06/2021,4/07/2021
2021,July,26,4/07/2021,28/06/2021,4/07/2021
2021,July,27,5/07/2021,5/07/2021,11/07/2021
2021,July,27,6/07/2021,5/07/2021,11/07/2021
2021,July,27,7/07/2021,5/07/2021,11/07/2021
2021,July,27,8/07/2021,5/07/2021,11/07/2021
2021,July,27,9/07/2021,5/07/2021,11/07/2021
2021,July,27,10/07/2021,5/07/2021,11/07/2021
2021,July,27,11/07/2021,5/07/2021,11/07/2021
2021,July,28,12/07/2021,12/07/2021,18/07/2021
2021,July,28,13/07/2021,12/07/2021,18/07/2021
2021,July,28,14/07/2021,12/07/2021,18/07/2021
2021,July,28,15/07/2021,12/07/2021,18/07/2021
2021,July,28,16/07/2021,12/07/2021,18/07/2021
2021,July,28,17/07/2021,12/07/2021,18/07/2021
2021,July,28,18/07/2021,12/07/2021,18/07/2021
2021,July,29,19/07/2021,19/07/2021,25/07/2021
2021,July,29,20/07/2021,19/07/2021,25/07/2021
2021,July,29,21/07/2021,19/07/2021,25/07/2021
2021,July,29,22/07/2021,19/07/2021,25/07/2021
2021,July,29,23/07/2021,19/07/2021,25/07/2021
2021,July,29,24/07/2021,19/07/2021,25/07/2021
2021,July,29,25/07/2021,19/07/2021,25/07/2021
2021,July,30,26/07/2021,26/07/2021,1/08/2021
2021,July,30,27/07/2021,26/07/2021,1/08/2021
2021,July,30,28/07/2021,26/07/2021,1/08/2021
2021,July,30,29/07/2021,26/07/2021,1/08/2021
2021,July,30,30/07/2021,26/07/2021,1/08/2021
2021,July,30,31/07/2021,26/07/2021,1/08/2021
2021,July,30,1/08/2021,26/07/2021,1/08/2021
2021,August,31,2/08/2021,2/08/2021,8/08/2021
2021,August,31,3/08/2021,2/08/2021,8/08/2021
2021,August,31,4/08/2021,2/08/2021,8/08/2021
2021,August,31,5/08/2021,2/08/2021,8/08/2021
2021,August,31,6/08/2021,2/08/2021,8/08/2021
2021,August,31,7/08/2021,2/08/2021,8/08/2021
2021,August,31,8/08/2021,2/08/2021,8/08/2021
2021,August,32,9/08/2021,9/08/2021,15/08/2021
2021,August,32,10/08/2021,9/08/2021,15/08/2021
2021,August,32,11/08/2021,9/08/2021,15/08/2021
2021,August,32,12/08/2021,9/08/2021,15/08/2021
2021,August,32,13/08/2021,9/08/2021,15/08/2021
2021,August,32,14/08/2021,9/08/2021,15/08/2021
2021,August,32,15/08/2021,9/08/2021,15/08/2021
2021,August,33,16/08/2021,16/08/2021,22/08/2021
2021,August,33,17/08/2021,16/08/2021,22/08/2021
2021,August,33,18/08/2021,16/08/2021,22/08/2021
2021,August,33,19/08/2021,16/08/2021,22/08/2021
2021,August,33,20/08/2021,16/08/2021,22/08/2021
2021,August,33,21/08/2021,16/08/2021,22/08/2021
2021,August,33,22/08/2021,16/08/2021,22/08/2021
2021,August,34,23/08/2021,23/08/2021,29/08/2021
2021,August,34,24/08/2021,23/08/2021,29/08/2021
2021,August,34,25/08/2021,23/08/2021,29/08/2021
2021,August,34,26/08/2021,23/08/2021,29/08/2021
2021,August,34,27/08/2021,23/08/2021,29/08/2021
2021,August,34,28/08/2021,23/08/2021,29/08/2021
2021,August,34,29/08/2021,23/08/2021,29/08/2021
2021,August,35,30/08/2021,30/08/2021,5/09/2021
2021,August,35,31/08/2021,30/08/2021,5/09/2021
2021,August,35,1/09/2021,30/08/2021,5/09/2021
2021,August,35,2/09/2021,30/08/2021,5/09/2021
2021,August,35,3/09/2021,30/08/2021,5/09/2021
2021,August,35,4/09/2021,30/08/2021,5/09/2021
2021,August,35,5/09/2021,30/08/2021,5/09/2021
2021,September,36,6/09/2021,6/09/2021,12/09/2021
2021,September,36,7/09/2021,6/09/2021,12/09/2021
2021,September,36,8/09/2021,6/09/2021,12/09/2021
2021,September,36,9/09/2021,6/09/2021,12/09/2021
2021,September,36,10/09/2021,6/09/2021,12/09/2021
2021,September,36,11/09/2021,6/09/2021,12/09/2021
2021,September,36,12/09/2021,6/09/2021,12/09/2021
2021,September,37,13/09/2021,13/09/2021,19/09/2021
2021,September,37,14/09/2021,13/09/2021,19/09/2021
2021,September,37,15/09/2021,13/09/2021,19/09/2021
2021,September,37,16/09/2021,13/09/2021,19/09/2021
2021,September,37,17/09/2021,13/09/2021,19/09/2021
2021,September,37,18/09/2021,13/09/2021,19/09/2021
2021,September,37,19/09/2021,13/09/2021,19/09/2021
2021,September,38,20/09/2021,20/09/2021,26/09/2021
2021,September,38,21/09/2021,20/09/2021,26/09/2021
2021,September,38,22/09/2021,20/09/2021,26/09/2021
2021,September,38,23/09/2021,20/09/2021,26/09/2021
2021,September,38,24/09/2021,20/09/2021,26/09/2021
2021,September,38,25/09/2021,20/09/2021,26/09/2021
2021,September,38,26/09/2021,20/09/2021,26/09/2021
2021,September,39,27/09/2021,27/09/2021,3/10/2021
2021,September,39,28/09/2021,27/09/2021,3/10/2021
2021,September,39,29/09/2021,27/09/2021,3/10/2021
2021,September,39,30/09/2021,27/09/2021,3/10/2021
2021,September,39,1/10/2021,27/09/2021,3/10/2021
2021,September,39,2/10/2021,27/09/2021,3/10/2021
2021,September,39,3/10/2021,27/09/2021,3/10/2021
2021,October,40,4/10/2021,4/10/2021,10/10/2021
2021,October,40,5/10/2021,4/10/2021,10/10/2021
2021,October,40,6/10/2021,4/10/2021,10/10/2021
2021,October,40,7/10/2021,4/10/2021,10/10/2021
2021,October,40,8/10/2021,4/10/2021,10/10/2021
2021,October,40,9/10/2021,4/10/2021,10/10/2021
2021,October,40,10/10/2021,4/10/2021,10/10/2021
2021,October,41,11/10/2021,11/10/2021,17/10/2021
2021,October,41,12/10/2021,11/10/2021,17/10/2021
2021,October,41,13/10/2021,11/10/2021,17/10/2021
2021,October,41,14/10/2021,11/10/2021,17/10/2021
2021,October,41,15/10/2021,11/10/2021,17/10/2021
2021,October,41,16/10/2021,11/10/2021,17/10/2021
2021,October,41,17/10/2021,11/10/2021,17/10/2021
2021,October,42,18/10/2021,18/10/2021,24/10/2021
2021,October,42,19/10/2021,18/10/2021,24/10/2021
2021,October,42,20/10/2021,18/10/2021,24/10/2021
2021,October,42,21/10/2021,18/10/2021,24/10/2021
2021,October,42,22/10/2021,18/10/2021,24/10/2021
2021,October,42,23/10/2021,18/10/2021,24/10/2021
2021,October,42,24/10/2021,18/10/2021,24/10/2021
2021,October,43,25/10/2021,25/10/2021,31/10/2021
2021,October,43,26/10/2021,25/10/2021,31/10/2021
2021,October,43,27/10/2021,25/10/2021,31/10/2021
2021,October,43,28/10/2021,25/10/2021,31/10/2021
2021,October,43,29/10/2021,25/10/2021,31/10/2021
2021,October,43,30/10/2021,25/10/2021,31/10/2021
2021,October,43,31/10/2021,25/10/2021,31/10/2021
2021,November,44,1/11/2021,1/11/2021,7/11/2021
2021,November,44,2/11/2021,1/11/2021,7/11/2021
2021,November,44,3/11/2021,1/11/2021,7/11/2021
2021,November,44,4/11/2021,1/11/2021,7/11/2021
2021,November,44,5/11/2021,1/11/2021,7/11/2021
2021,November,44,6/11/2021,1/11/2021,7/11/2021
2021,November,44,7/11/2021,1/11/2021,7/11/2021
2021,November,45,8/11/2021,8/11/2021,14/11/2021
2021,November,45,9/11/2021,8/11/2021,14/11/2021
2021,November,45,10/11/2021,8/11/2021,14/11/2021
2021,November,45,11/11/2021,8/11/2021,14/11/2021
2021,November,45,12/11/2021,8/11/2021,14/11/2021
2021,November,45,13/11/2021,8/11/2021,14/11/2021
2021,November,45,14/11/2021,8/11/2021,14/11/2021
2021,November,46,15/11/2021,15/11/2021,21/11/2021
2021,November,46,16/11/2021,15/11/2021,21/11/2021
2021,November,46,17/11/2021,15/11/2021,21/11/2021
2021,November,46,18/11/2021,15/11/2021,21/11/2021
2021,November,46,19/11/2021,15/11/2021,21/11/2021
2021,November,46,20/11/2021,15/11/2021,21/11/2021
2021,November,46,21/11/2021,15/11/2021,21/11/2021
2021,November,47,22/11/2021,22/11/2021,28/11/2021
2021,November,47,23/11/2021,22/11/2021,28/11/2021
2021,November,47,24/11/2021,22/11/2021,28/11/2021
2021,November,47,25/11/2021,22/11/2021,28/11/2021
2021,November,47,26/11/2021,22/11/2021,28/11/2021
2021,November,47,27/11/2021,22/11/2021,28/11/2021
2021,November,47,28/11/2021,22/11/2021,28/11/2021
2021,December,48,29/11/2021,29/11/2021,5/12/2021
2021,December,48,30/11/2021,29/11/2021,5/12/2021
2021,December,48,1/12/2021,29/11/2021,5/12/2021
2021,December,48,2/12/2021,29/11/2021,5/12/2021
2021,December,48,3/12/2021,29/11/2021,5/12/2021
2021,December,48,4/12/2021,29/11/2021,5/12/2021
2021,December,48,5/12/2021,29/11/2021,5/12/2021
2021,December,49,6/12/2021,6/12/2021,12/12/2021
2021,December,49,7/12/2021,6/12/2021,12/12/2021
2021,December,49,8/12/2021,6/12/2021,12/12/2021
2021,December,49,9/12/2021,6/12/2021,12/12/2021
2021,December,49,10/12/2021,6/12/2021,12/12/2021
2021,December,49,11/12/2021,6/12/2021,12/12/2021
2021,December,49,12/12/2021,6/12/2021,12/12/2021
2021,December,50,13/12/2021,13/12/2021,19/12/2021
2021,December,50,14/12/2021,13/12/2021,19/12/2021
2021,December,50,15/12/2021,13/12/2021,19/12/2021
2021,December,50,16/12/2021,13/12/2021,19/12/2021
2021,December,50,17/12/2021,13/12/2021,19/12/2021
2021,December,50,18/12/2021,13/12/2021,19/12/2021
2021,December,50,19/12/2021,13/12/2021,19/12/2021
2021,December,51,20/12/2021,20/12/2021,26/12/2021
2021,December,51,21/12/2021,20/12/2021,26/12/2021
2021,December,51,22/12/2021,20/12/2021,26/12/2021
2021,December,51,23/12/2021,20/12/2021,26/12/2021
2021,December,51,24/12/2021,20/12/2021,26/12/2021
2021,December,51,25/12/2021,20/12/2021,26/12/2021
2021,December,51,26/12/2021,20/12/2021,26/12/2021
2021,December,52,27/12/2021,27/12/2021,2/01/2022
2021,December,52,28/12/2021,27/12/2021,2/01/2022
2021,December,52,29/12/2021,27/12/2021,2/01/2022
2021,December,52,30/12/2021,27/12/2021,2/01/2022
2021,December,52,31/12/2021,27/12/2021,2/01/2022
2021,December,52,1/01/2022,27/12/2021,2/01/2022
2021,December,52,2/01/2022,27/12/2021,2/01/2022
2022,January,1,3/01/2022,3/01/2022,9/01/2022
2022,January,1,4/01/2022,3/01/2022,9/01/2022
2022,January,1,5/01/2022,3/01/2022,9/01/2022
2022,January,1,6/01/2022,3/01/2022,9/01/2022
2022,January,1,7/01/2022,3/01/2022,9/01/2022
2022,January,1,8/01/2022,3/01/2022,9/01/2022
2022,January,1,9/01/2022,3/01/2022,9/01/2022
2022,January,2,10/01/2022,10/01/2022,16/01/2022
2022,January,2,11/01/2022,10/01/2022,16/01/2022
2022,January,2,12/01/2022,10/01/2022,16/01/2022
2022,January,2,13/01/2022,10/01/2022,16/01/2022
2022,January,2,14/01/2022,10/01/2022,16/01/2022
2022,January,2,15/01/2022,10/01/2022,16/01/2022
2022,January,2,16/01/2022,10/01/2022,16/01/2022
2022,January,3,17/01/2022,17/01/2022,23/01/2022
2022,January,3,18/01/2022,17/01/2022,23/01/2022
2022,January,3,19/01/2022,17/01/2022,23/01/2022
2022,January,3,20/01/2022,17/01/2022,23/01/2022
2022,January,3,21/01/2022,17/01/2022,23/01/2022
2022,January,3,22/01/2022,17/01/2022,23/01/2022
2022,January,3,23/01/2022,17/01/2022,23/01/2022
2022,January,4,24/01/2022,24/01/2022,30/01/2022
2022,January,4,25/01/2022,24/01/2022,30/01/2022
2022,January,4,26/01/2022,24/01/2022,30/01/2022
2022,January,4,27/01/2022,24/01/2022,30/01/2022
2022,January,4,28/01/2022,24/01/2022,30/01/2022
2022,January,4,29/01/2022,24/01/2022,30/01/2022
2022,January,4,30/01/2022,24/01/2022,30/01/2022
2022,February,5,31/01/2022,31/01/2022,6/02/2022
2022,February,5,1/02/2022,31/01/2022,6/02/2022
2022,February,5,2/02/2022,31/01/2022,6/02/2022
2022,February,5,3/02/2022,31/01/2022,6/02/2022
2022,February,5,4/02/2022,31/01/2022,6/02/2022
2022,February,5,5/02/2022,31/01/2022,6/02/2022
2022,February,5,6/02/2022,31/01/2022,6/02/2022
2022,February,6,7/02/2022,7/02/2022,13/02/2022
2022,February,6,8/02/2022,7/02/2022,13/02/2022
2022,February,6,9/02/2022,7/02/2022,13/02/2022
2022,February,6,10/02/2022,7/02/2022,13/02/2022
2022,February,6,11/02/2022,7/02/2022,13/02/2022
2022,February,6,12/02/2022,7/02/2022,13/02/2022
2022,February,6,13/02/2022,7/02/2022,13/02/2022
2022,February,7,14/02/2022,14/02/2022,20/02/2022
2022,February,7,15/02/2022,14/02/2022,20/02/2022
2022,February,7,16/02/2022,14/02/2022,20/02/2022
2022,February,7,17/02/2022,14/02/2022,20/02/2022
2022,February,7,18/02/2022,14/02/2022,20/02/2022
2022,February,7,19/02/2022,14/02/2022,20/02/2022
2022,February,7,20/02/2022,14/02/2022,20/02/2022
2022,February,8,21/02/2022,21/02/2022,27/02/2022
2022,February,8,22/02/2022,21/02/2022,27/02/2022
2022,February,8,23/02/2022,21/02/2022,27/02/2022
2022,February,8,24/02/2022,21/02/2022,27/02/2022
2022,February,8,25/02/2022,21/02/2022,27/02/2022
2022,February,8,26/02/2022,21/02/2022,27/02/2022
2022,February,8,27/02/2022,21/02/2022,27/02/2022
2022,February,9,28/02/2022,28/02/2022,6/03/2022
2022,February,9,1/03/2022,28/02/2022,6/03/2022
2022,February,9,2/03/2022,28/02/2022,6/03/2022
2022,February,9,3/03/2022,28/02/2022,6/03/2022
2022,February,9,4/03/2022,28/02/2022,6/03/2022
2022,February,9,5/03/2022,28/02/2022,6/03/2022
2022,February,9,6/03/2022,28/02/2022,6/03/2022
2022,March,10,7/03/2022,7/03/2022,13/03/2022
2022,March,10,8/03/2022,7/03/2022,13/03/2022
2022,March,10,9/03/2022,7/03/2022,13/03/2022
2022,March,10,10/03/2022,7/03/2022,13/03/2022
2022,March,10,11/03/2022,7/03/2022,13/03/2022
2022,March,10,12/03/2022,7/03/2022,13/03/2022
2022,March,10,13/03/2022,7/03/2022,13/03/2022
2022,March,11,14/03/2022,14/03/2022,20/03/2022
2022,March,11,15/03/2022,14/03/2022,20/03/2022
2022,March,11,16/03/2022,14/03/2022,20/03/2022
2022,March,11,17/03/2022,14/03/2022,20/03/2022
2022,March,11,18/03/2022,14/03/2022,20/03/2022
2022,March,11,19/03/2022,14/03/2022,20/03/2022
2022,March,11,20/03/2022,14/03/2022,20/03/2022
2022,March,12,21/03/2022,21/03/2022,27/03/2022
2022,March,12,22/03/2022,21/03/2022,27/03/2022
2022,March,12,23/03/2022,21/03/2022,27/03/2022
2022,March,12,24/03/2022,21/03/2022,27/03/2022
2022,March,12,25/03/2022,21/03/2022,27/03/2022
2022,March,12,26/03/2022,21/03/2022,27/03/2022
2022,March,12,27/03/2022,21/03/2022,27/03/2022
2022,March,13,28/03/2022,28/03/2022,3/04/2022
2022,March,13,29/03/2022,28/03/2022,3/04/2022
2022,March,13,30/03/2022,28/03/2022,3/04/2022
2022,March,13,31/03/2022,28/03/2022,3/04/2022
2022,March,13,1/04/2022,28/03/2022,3/04/2022
2022,March,13,2/04/2022,28/03/2022,3/04/2022
2022,March,13,3/04/2022,28/03/2022,3/04/2022
2022,April,14,4/04/2022,4/04/2022,10/04/2022
2022,April,14,5/04/2022,4/04/2022,10/04/2022
2022,April,14,6/04/2022,4/04/2022,10/04/2022
2022,April,14,7/04/2022,4/04/2022,10/04/2022
2022,April,14,8/04/2022,4/04/2022,10/04/2022
2022,April,14,9/04/2022,4/04/2022,10/04/2022
2022,April,14,10/04/2022,4/04/2022,10/04/2022
2022,April,15,11/04/2022,11/04/2022,17/04/2022
2022,April,15,12/04/2022,11/04/2022,17/04/2022
2022,April,15,13/04/2022,11/04/2022,17/04/2022
2022,April,15,14/04/2022,11/04/2022,17/04/2022
2022,April,15,15/04/2022,11/04/2022,17/04/2022
2022,April,15,16/04/2022,11/04/2022,17/04/2022
2022,April,15,17/04/2022,11/04/2022,17/04/2022
2022,April,16,18/04/2022,18/04/2022,24/04/2022
2022,April,16,19/04/2022,18/04/2022,24/04/2022
2022,April,16,20/04/2022,18/04/2022,24/04/2022
2022,April,16,21/04/2022,18/04/2022,24/04/2022
2022,April,16,22/04/2022,18/04/2022,24/04/2022
2022,April,16,23/04/2022,18/04/2022,24/04/2022
2022,April,16,24/04/2022,18/04/2022,24/04/2022
2022,April,17,25/04/2022,25/04/2022,1/05/2022
2022,April,17,26/04/2022,25/04/2022,1/05/2022
2022,April,17,27/04/2022,25/04/2022,1/05/2022
2022,April,17,28/04/2022,25/04/2022,1/05/2022
2022,April,17,29/04/2022,25/04/2022,1/05/2022
2022,April,17,30/04/2022,25/04/2022,1/05/2022
2022,April,17,1/05/2022,25/04/2022,1/05/2022
2022,May,18,2/05/2022,2/05/2022,8/05/2022
2022,May,18,3/05/2022,2/05/2022,8/05/2022
2022,May,18,4/05/2022,2/05/2022,8/05/2022
2022,May,18,5/05/2022,2/05/2022,8/05/2022
2022,May,18,6/05/2022,2/05/2022,8/05/2022
2022,May,18,7/05/2022,2/05/2022,8/05/2022
2022,May,18,8/05/2022,2/05/2022,8/05/2022
2022,May,19,9/05/2022,9/05/2022,15/05/2022
2022,May,19,10/05/2022,9/05/2022,15/05/2022
2022,May,19,11/05/2022,9/05/2022,15/05/2022
2022,May,19,12/05/2022,9/05/2022,15/05/2022
2022,May,19,13/05/2022,9/05/2022,15/05/2022
2022,May,19,14/05/2022,9/05/2022,15/05/2022
2022,May,19,15/05/2022,9/05/2022,15/05/2022
2022,May,20,16/05/2022,16/05/2022,22/05/2022
2022,May,20,17/05/2022,16/05/2022,22/05/2022
2022,May,20,18/05/2022,16/05/2022,22/05/2022
2022,May,20,19/05/2022,16/05/2022,22/05/2022
2022,May,20,20/05/2022,16/05/2022,22/05/2022
2022,May,20,21/05/2022,16/05/2022,22/05/2022
2022,May,20,22/05/2022,16/05/2022,22/05/2022
2022,May,21,23/05/2022,23/05/2022,29/05/2022
2022,May,21,24/05/2022,23/05/2022,29/05/2022
2022,May,21,25/05/2022,23/05/2022,29/05/2022
2022,May,21,26/05/2022,23/05/2022,29/05/2022
2022,May,21,27/05/2022,23/05/2022,29/05/2022
2022,May,21,28/05/2022,23/05/2022,29/05/2022
2022,May,21,29/05/2022,23/05/2022,29/05/2022
2022,June,22,30/05/2022,30/05/2022,5/06/2022
2022,June,22,31/05/2022,30/05/2022,5/06/2022
2022,June,22,1/06/2022,30/05/2022,5/06/2022
2022,June,22,2/06/2022,30/05/2022,5/06/2022
2022,June,22,3/06/2022,30/05/2022,5/06/2022
2022,June,22,4/06/2022,30/05/2022,5/06/2022
2022,June,22,5/06/2022,30/05/2022,5/06/2022
2022,June,23,6/06/2022,6/06/2022,12/06/2022
2022,June,23,7/06/2022,6/06/2022,12/06/2022
2022,June,23,8/06/2022,6/06/2022,12/06/2022
2022,June,23,9/06/2022,6/06/2022,12/06/2022
2022,June,23,10/06/2022,6/06/2022,12/06/2022
2022,June,23,11/06/2022,6/06/2022,12/06/2022
2022,June,23,12/06/2022,6/06/2022,12/06/2022
2022,June,24,13/06/2022,13/06/2022,19/06/2022
2022,June,24,14/06/2022,13/06/2022,19/06/2022
2022,June,24,15/06/2022,13/06/2022,19/06/2022
2022,June,24,16/06/2022,13/06/2022,19/06/2022
2022,June,24,17/06/2022,13/06/2022,19/06/2022
2022,June,24,18/06/2022,13/06/2022,19/06/2022
2022,June,24,19/06/2022,13/06/2022,19/06/2022
2022,June,25,20/06/2022,20/06/2022,26/06/2022
2022,June,25,21/06/2022,20/06/2022,26/06/2022
2022,June,25,22/06/2022,20/06/2022,26/06/2022
2022,June,25,23/06/2022,20/06/2022,26/06/2022
2022,June,25,24/06/2022,20/06/2022,26/06/2022
2022,June,25,25/06/2022,20/06/2022,26/06/2022
2022,June,25,26/06/2022,20/06/2022,26/06/2022
2022,July,26,27/06/2022,27/06/2022,3/07/2022
2022,July,26,28/06/2022,27/06/2022,3/07/2022
2022,July,26,29/06/2022,27/06/2022,3/07/2022
2022,July,26,30/06/2022,27/06/2022,3/07/2022
2022,July,26,1/07/2022,27/06/2022,3/07/2022
2022,July,26,2/07/2022,27/06/2022,3/07/2022
2022,July,26,3/07/2022,27/06/2022,3/07/2022
2022,July,27,4/07/2022,4/07/2022,10/07/2022
2022,July,27,5/07/2022,4/07/2022,10/07/2022
2022,July,27,6/07/2022,4/07/2022,10/07/2022
2022,July,27,7/07/2022,4/07/2022,10/07/2022
2022,July,27,8/07/2022,4/07/2022,10/07/2022
2022,July,27,9/07/2022,4/07/2022,10/07/2022
2022,July,27,10/07/2022,4/07/2022,10/07/2022
2022,July,28,11/07/2022,11/07/2022,17/07/2022
2022,July,28,12/07/2022,11/07/2022,17/07/2022
2022,July,28,13/07/2022,11/07/2022,17/07/2022
2022,July,28,14/07/2022,11/07/2022,17/07/2022
2022,July,28,15/07/2022,11/07/2022,17/07/2022
2022,July,28,16/07/2022,11/07/2022,17/07/2022
2022,July,28,17/07/2022,11/07/2022,17/07/2022
2022,July,29,18/07/2022,18/07/2022,24/07/2022
2022,July,29,19/07/2022,18/07/2022,24/07/2022
2022,July,29,20/07/2022,18/07/2022,24/07/2022
2022,July,29,21/07/2022,18/07/2022,24/07/2022
2022,July,29,22/07/2022,18/07/2022,24/07/2022
2022,July,29,23/07/2022,18/07/2022,24/07/2022
2022,July,29,24/07/2022,18/07/2022,24/07/2022
2022,July,30,25/07/2022,25/07/2022,31/07/2022
2022,July,30,26/07/2022,25/07/2022,31/07/2022
2022,July,30,27/07/2022,25/07/2022,31/07/2022
2022,July,30,28/07/2022,25/07/2022,31/07/2022
2022,July,30,29/07/2022,25/07/2022,31/07/2022
2022,July,30,30/07/2022,25/07/2022,31/07/2022
2022,July,30,31/07/2022,25/07/2022,31/07/2022
2022,August,31,1/08/2022,1/08/2022,7/08/2022
2022,August,31,2/08/2022,1/08/2022,7/08/2022
2022,August,31,3/08/2022,1/08/2022,7/08/2022
2022,August,31,4/08/2022,1/08/2022,7/08/2022
2022,August,31,5/08/2022,1/08/2022,7/08/2022
2022,August,31,6/08/2022,1/08/2022,7/08/2022
2022,August,31,7/08/2022,1/08/2022,7/08/2022
2022,August,32,8/08/2022,8/08/2022,14/08/2022
2022,August,32,9/08/2022,8/08/2022,14/08/2022
2022,August,32,10/08/2022,8/08/2022,14/08/2022
2022,August,32,11/08/2022,8/08/2022,14/08/2022
2022,August,32,12/08/2022,8/08/2022,14/08/2022
2022,August,32,13/08/2022,8/08/2022,14/08/2022
2022,August,32,14/08/2022,8/08/2022,14/08/2022
2022,August,33,15/08/2022,15/08/2022,21/08/2022
2022,August,33,16/08/2022,15/08/2022,21/08/2022
2022,August,33,17/08/2022,15/08/2022,21/08/2022
2022,August,33,18/08/2022,15/08/2022,21/08/2022
2022,August,33,19/08/2022,15/08/2022,21/08/2022
2022,August,33,20/08/2022,15/08/2022,21/08/2022
2022,August,33,21/08/2022,15/08/2022,21/08/2022
2022,August,34,22/08/2022,22/08/2022,28/08/2022
2022,August,34,23/08/2022,22/08/2022,28/08/2022
2022,August,34,24/08/2022,22/08/2022,28/08/2022
2022,August,34,25/08/2022,22/08/2022,28/08/2022
2022,August,34,26/08/2022,22/08/2022,28/08/2022
2022,August,34,27/08/2022,22/08/2022,28/08/2022
2022,August,34,28/08/2022,22/08/2022,28/08/2022
2022,August,35,29/08/2022,29/08/2022,4/09/2022
2022,August,35,30/08/2022,29/08/2022,4/09/2022
2022,August,35,31/08/2022,29/08/2022,4/09/2022
2022,August,35,1/09/2022,29/08/2022,4/09/2022
2022,August,35,2/09/2022,29/08/2022,4/09/2022
2022,August,35,3/09/2022,29/08/2022,4/09/2022
2022,August,35,4/09/2022,29/08/2022,4/09/2022
2022,September,36,5/09/2022,5/09/2022,11/09/2022
2022,September,36,6/09/2022,5/09/2022,11/09/2022
2022,September,36,7/09/2022,5/09/2022,11/09/2022
2022,September,36,8/09/2022,5/09/2022,11/09/2022
2022,September,36,9/09/2022,5/09/2022,11/09/2022
2022,September,36,10/09/2022,5/09/2022,11/09/2022
2022,September,36,11/09/2022,5/09/2022,11/09/2022
2022,September,37,12/09/2022,12/09/2022,18/09/2022
2022,September,37,13/09/2022,12/09/2022,18/09/2022
2022,September,37,14/09/2022,12/09/2022,18/09/2022
2022,September,37,15/09/2022,12/09/2022,18/09/2022
2022,September,37,16/09/2022,12/09/2022,18/09/2022
2022,September,37,17/09/2022,12/09/2022,18/09/2022
2022,September,37,18/09/2022,12/09/2022,18/09/2022
2022,September,38,19/09/2022,19/09/2022,25/09/2022
2022,September,38,20/09/2022,19/09/2022,25/09/2022
2022,September,38,21/09/2022,19/09/2022,25/09/2022
2022,September,38,22/09/2022,19/09/2022,25/09/2022
2022,September,38,23/09/2022,19/09/2022,25/09/2022
2022,September,38,24/09/2022,19/09/2022,25/09/2022
2022,September,38,25/09/2022,19/09/2022,25/09/2022
2022,September,39,26/09/2022,26/09/2022,2/10/2022
2022,September,39,27/09/2022,26/09/2022,2/10/2022
2022,September,39,28/09/2022,26/09/2022,2/10/2022
2022,September,39,29/09/2022,26/09/2022,2/10/2022
2022,September,39,30/09/2022,26/09/2022,2/10/2022
2022,September,39,1/10/2022,26/09/2022,2/10/2022
2022,September,39,2/10/2022,26/09/2022,2/10/2022
2022,October,40,3/10/2022,3/10/2022,9/10/2022
2022,October,40,4/10/2022,3/10/2022,9/10/2022
2022,October,40,5/10/2022,3/10/2022,9/10/2022
2022,October,40,6/10/2022,3/10/2022,9/10/2022
2022,October,40,7/10/2022,3/10/2022,9/10/2022
2022,October,40,8/10/2022,3/10/2022,9/10/2022
2022,October,40,9/10/2022,3/10/2022,9/10/2022
2022,October,41,10/10/2022,10/10/2022,16/10/2022
2022,October,41,11/10/2022,10/10/2022,16/10/2022
2022,October,41,12/10/2022,10/10/2022,16/10/2022
2022,October,41,13/10/2022,10/10/2022,16/10/2022
2022,October,41,14/10/2022,10/10/2022,16/10/2022
2022,October,41,15/10/2022,10/10/2022,16/10/2022
2022,October,41,16/10/2022,10/10/2022,16/10/2022
2022,October,42,17/10/2022,17/10/2022,23/10/2022
2022,October,42,18/10/2022,17/10/2022,23/10/2022
2022,October,42,19/10/2022,17/10/2022,23/10/2022
2022,October,42,20/10/2022,17/10/2022,23/10/2022
2022,October,42,21/10/2022,17/10/2022,23/10/2022
2022,October,42,22/10/2022,17/10/2022,23/10/2022
2022,October,42,23/10/2022,17/10/2022,23/10/2022
2022,October,43,24/10/2022,24/10/2022,30/10/2022
2022,October,43,25/10/2022,24/10/2022,30/10/2022
2022,October,43,26/10/2022,24/10/2022,30/10/2022
2022,October,43,27/10/2022,24/10/2022,30/10/2022
2022,October,43,28/10/2022,24/10/2022,30/10/2022
2022,October,43,29/10/2022,24/10/2022,30/10/2022
2022,October,43,30/10/2022,24/10/2022,30/10/2022
2022,November,44,31/10/2022,31/10/2022,6/11/2022
2022,November,44,1/11/2022,31/10/2022,6/11/2022
2022,November,44,2/11/2022,31/10/2022,6/11/2022
2022,November,44,3/11/2022,31/10/2022,6/11/2022
2022,November,44,4/11/2022,31/10/2022,6/11/2022
2022,November,44,5/11/2022,31/10/2022,6/11/2022
2022,November,44,6/11/2022,31/10/2022,6/11/2022
2022,November,45,7/11/2022,7/11/2022,13/11/2022
2022,November,45,8/11/2022,7/11/2022,13/11/2022
2022,November,45,9/11/2022,7/11/2022,13/11/2022
2022,November,45,10/11/2022,7/11/2022,13/11/2022
2022,November,45,11/11/2022,7/11/2022,13/11/2022
2022,November,45,12/11/2022,7/11/2022,13/11/2022
2022,November,45,13/11/2022,7/11/2022,13/11/2022
2022,November,46,14/11/2022,14/11/2022,20/11/2022
2022,November,46,15/11/2022,14/11/2022,20/11/2022
2022,November,46,16/11/2022,14/11/2022,20/11/2022
2022,November,46,17/11/2022,14/11/2022,20/11/2022
2022,November,46,18/11/2022,14/11/2022,20/11/2022
2022,November,46,19/11/2022,14/11/2022,20/11/2022
2022,November,46,20/11/2022,14/11/2022,20/11/2022
2022,November,47,21/11/2022,21/11/2022,27/11/2022
2022,November,47,22/11/2022,21/11/2022,27/11/2022
2022,November,47,23/11/2022,21/11/2022,27/11/2022
2022,November,47,24/11/2022,21/11/2022,27/11/2022
2022,November,47,25/11/2022,21/11/2022,27/11/2022
2022,November,47,26/11/2022,21/11/2022,27/11/2022
2022,November,47,27/11/2022,21/11/2022,27/11/2022
2022,December,48,28/11/2022,28/11/2022,4/12/2022
2022,December,48,29/11/2022,28/11/2022,4/12/2022
2022,December,48,30/11/2022,28/11/2022,4/12/2022
2022,December,48,1/12/2022,28/11/2022,4/12/2022
2022,December,48,2/12/2022,28/11/2022,4/12/2022
2022,December,48,3/12/2022,28/11/2022,4/12/2022
2022,December,48,4/12/2022,28/11/2022,4/12/2022
2022,December,49,5/12/2022,5/12/2022,11/12/2022
2022,December,49,6/12/2022,5/12/2022,11/12/2022
2022,December,49,7/12/2022,5/12/2022,11/12/2022
2022,December,49,8/12/2022,5/12/2022,11/12/2022
2022,December,49,9/12/2022,5/12/2022,11/12/2022
2022,December,49,10/12/2022,5/12/2022,11/12/2022
2022,December,49,11/12/2022,5/12/2022,11/12/2022
2022,December,50,12/12/2022,12/12/2022,18/12/2022
2022,December,50,13/12/2022,12/12/2022,18/12/2022
2022,December,50,14/12/2022,12/12/2022,18/12/2022
2022,December,50,15/12/2022,12/12/2022,18/12/2022
2022,December,50,16/12/2022,12/12/2022,18/12/2022
2022,December,50,17/12/2022,12/12/2022,18/12/2022
2022,December,50,18/12/2022,12/12/2022,18/12/2022
2022,December,51,19/12/2022,19/12/2022,25/12/2022
2022,December,51,20/12/2022,19/12/2022,25/12/2022
2022,December,51,21/12/2022,19/12/2022,25/12/2022
2022,December,51,22/12/2022,19/12/2022,25/12/2022
2022,December,51,23/12/2022,19/12/2022,25/12/2022
2022,December,51,24/12/2022,19/12/2022,25/12/2022
2022,December,51,25/12/2022,19/12/2022,25/12/2022
2022,December,52,26/12/2022,26/12/2022,1/01/2023
2022,December,52,27/12/2022,26/12/2022,1/01/2023
2022,December,52,28/12/2022,26/12/2022,1/01/2023
2022,December,52,29/12/2022,26/12/2022,1/01/2023
2022,December,52,30/12/2022,26/12/2022,1/01/2023
2022,December,52,31/12/2022,26/12/2022,1/01/2023
2022,December,52,1/01/2023,26/12/2022,1/01/2023
2023,January,1,2/01/2023,2/01/2023,8/01/2023
2023,January,1,3/01/2023,2/01/2023,8/01/2023
2023,January,1,4/01/2023,2/01/2023,8/01/2023
2023,January,1,5/01/2023,2/01/2023,8/01/2023
2023,January,1,6/01/2023,2/01/2023,8/01/2023
2023,January,1,7/01/2023,2/01/2023,8/01/2023
2023,January,1,8/01/2023,2/01/2023,8/01/2023
2023,January,2,9/01/2023,9/01/2023,15/01/2023
2023,January,2,10/01/2023,9/01/2023,15/01/2023
2023,January,2,11/01/2023,9/01/2023,15/01/2023
2023,January,2,12/01/2023,9/01/2023,15/01/2023
2023,January,2,13/01/2023,9/01/2023,15/01/2023
2023,January,2,14/01/2023,9/01/2023,15/01/2023
2023,January,2,15/01/2023,9/01/2023,15/01/2023
2023,January,3,16/01/2023,16/01/2023,22/01/2023
2023,January,3,17/01/2023,16/01/2023,22/01/2023
2023,January,3,18/01/2023,16/01/2023,22/01/2023
2023,January,3,19/01/2023,16/01/2023,22/01/2023
2023,January,3,20/01/2023,16/01/2023,22/01/2023
2023,January,3,21/01/2023,16/01/2023,22/01/2023
2023,January,3,22/01/2023,16/01/2023,22/01/2023
2023,January,4,23/01/2023,23/01/2023,29/01/2023
2023,January,4,24/01/2023,23/01/2023,29/01/2023
2023,January,4,25/01/2023,23/01/2023,29/01/2023
2023,January,4,26/01/2023,23/01/2023,29/01/2023
2023,January,4,27/01/2023,23/01/2023,29/01/2023
2023,January,4,28/01/2023,23/01/2023,29/01/2023
2023,January,4,29/01/2023,23/01/2023,29/01/2023
2023,February,5,30/01/2023,30/01/2023,5/02/2023
2023,February,5,31/01/2023,30/01/2023,5/02/2023
2023,February,5,1/02/2023,30/01/2023,5/02/2023
2023,February,5,2/02/2023,30/01/2023,5/02/2023
2023,February,5,3/02/2023,30/01/2023,5/02/2023
2023,February,5,4/02/2023,30/01/2023,5/02/2023
2023,February,5,5/02/2023,30/01/2023,5/02/2023
2023,February,6,6/02/2023,6/02/2023,12/02/2023
2023,February,6,7/02/2023,6/02/2023,12/02/2023
2023,February,6,8/02/2023,6/02/2023,12/02/2023
2023,February,6,9/02/2023,6/02/2023,12/02/2023
2023,February,6,10/02/2023,6/02/2023,12/02/2023
2023,February,6,11/02/2023,6/02/2023,12/02/2023
2023,February,6,12/02/2023,6/02/2023,12/02/2023
2023,February,7,13/02/2023,13/02/2023,19/02/2023
2023,February,7,14/02/2023,13/02/2023,19/02/2023
2023,February,7,15/02/2023,13/02/2023,19/02/2023
2023,February,7,16/02/2023,13/02/2023,19/02/2023
2023,February,7,17/02/2023,13/02/2023,19/02/2023
2023,February,7,18/02/2023,13/02/2023,19/02/2023
2023,February,7,19/02/2023,13/02/2023,19/02/2023
2023,February,8,20/02/2023,20/02/2023,26/02/2023
2023,February,8,21/02/2023,20/02/2023,26/02/2023
2023,February,8,22/02/2023,20/02/2023,26/02/2023
2023,February,8,23/02/2023,20/02/2023,26/02/2023
2023,February,8,24/02/2023,20/02/2023,26/02/2023
2023,February,8,25/02/2023,20/02/2023,26/02/2023
2023,February,8,26/02/2023,20/02/2023,26/02/2023
2023,February,9,27/02/2023,27/02/2023,5/03/2023
2023,February,9,28/02/2023,27/02/2023,5/03/2023
2023,February,9,1/03/2023,27/02/2023,5/03/2023
2023,February,9,2/03/2023,27/02/2023,5/03/2023
2023,February,9,3/03/2023,27/02/2023,5/03/2023
2023,February,9,4/03/2023,27/02/2023,5/03/2023
2023,February,9,5/03/2023,27/02/2023,5/03/2023
2023,March,10,6/03/2023,6/03/2023,12/03/2023
2023,March,10,7/03/2023,6/03/2023,12/03/2023
2023,March,10,8/03/2023,6/03/2023,12/03/2023
2023,March,10,9/03/2023,6/03/2023,12/03/2023
2023,March,10,10/03/2023,6/03/2023,12/03/2023
2023,March,10,11/03/2023,6/03/2023,12/03/2023
2023,March,10,12/03/2023,6/03/2023,12/03/2023
2023,March,11,13/03/2023,13/03/2023,19/03/2023
2023,March,11,14/03/2023,13/03/2023,19/03/2023
2023,March,11,15/03/2023,13/03/2023,19/03/2023
2023,March,11,16/03/2023,13/03/2023,19/03/2023
2023,March,11,17/03/2023,13/03/2023,19/03/2023
2023,March,11,18/03/2023,13/03/2023,19/03/2023
2023,March,11,19/03/2023,13/03/2023,19/03/2023
2023,March,12,20/03/2023,20/03/2023,26/03/2023
2023,March,12,21/03/2023,20/03/2023,26/03/2023
2023,March,12,22/03/2023,20/03/2023,26/03/2023
2023,March,12,23/03/2023,20/03/2023,26/03/2023
2023,March,12,24/03/2023,20/03/2023,26/03/2023
2023,March,12,25/03/2023,20/03/2023,26/03/2023
2023,March,12,26/03/2023,20/03/2023,26/03/2023
2023,March,13,27/03/2023,27/03/2023,2/04/2023
2023,March,13,28/03/2023,27/03/2023,2/04/2023
2023,March,13,29/03/2023,27/03/2023,2/04/2023
2023,March,13,30/03/2023,27/03/2023,2/04/2023
2023,March,13,31/03/2023,27/03/2023,2/04/2023
2023,March,13,1/04/2023,27/03/2023,2/04/2023
2023,March,13,2/04/2023,27/03/2023,2/04/2023
2023,April,14,3/04/2023,3/04/2023,9/04/2023
2023,April,14,4/04/2023,3/04/2023,9/04/2023
2023,April,14,5/04/2023,3/04/2023,9/04/2023
2023,April,14,6/04/2023,3/04/2023,9/04/2023
2023,April,14,7/04/2023,3/04/2023,9/04/2023
2023,April,14,8/04/2023,3/04/2023,9/04/2023
2023,April,14,9/04/2023,3/04/2023,9/04/2023
2023,April,15,10/04/2023,10/04/2023,16/04/2023
2023,April,15,11/04/2023,10/04/2023,16/04/2023
2023,April,15,12/04/2023,10/04/2023,16/04/2023
2023,April,15,13/04/2023,10/04/2023,16/04/2023
2023,April,15,14/04/2023,10/04/2023,16/04/2023
2023,April,15,15/04/2023,10/04/2023,16/04/2023
2023,April,15,16/04/2023,10/04/2023,16/04/2023
2023,April,16,17/04/2023,17/04/2023,23/04/2023
2023,April,16,18/04/2023,17/04/2023,23/04/2023
2023,April,16,19/04/2023,17/04/2023,23/04/2023
2023,April,16,20/04/2023,17/04/2023,23/04/2023
2023,April,16,21/04/2023,17/04/2023,23/04/2023
2023,April,16,22/04/2023,17/04/2023,23/04/2023
2023,April,16,23/04/2023,17/04/2023,23/04/2023
2023,April,17,24/04/2023,24/04/2023,30/04/2023
2023,April,17,25/04/2023,24/04/2023,30/04/2023
2023,April,17,26/04/2023,24/04/2023,30/04/2023
2023,April,17,27/04/2023,24/04/2023,30/04/2023
2023,April,17,28/04/2023,24/04/2023,30/04/2023
2023,April,17,29/04/2023,24/04/2023,30/04/2023
2023,April,17,30/04/2023,24/04/2023,30/04/2023
2023,May,18,1/05/2023,1/05/2023,7/05/2023
2023,May,18,2/05/2023,1/05/2023,7/05/2023
2023,May,18,3/05/2023,1/05/2023,7/05/2023
2023,May,18,4/05/2023,1/05/2023,7/05/2023
2023,May,18,5/05/2023,1/05/2023,7/05/2023
2023,May,18,6/05/2023,1/05/2023,7/05/2023
2023,May,18,7/05/2023,1/05/2023,7/05/2023
2023,May,19,8/05/2023,8/05/2023,14/05/2023
2023,May,19,9/05/2023,8/05/2023,14/05/2023
2023,May,19,10/05/2023,8/05/2023,14/05/2023
2023,May,19,11/05/2023,8/05/2023,14/05/2023
2023,May,19,12/05/2023,8/05/2023,14/05/2023
2023,May,19,13/05/2023,8/05/2023,14/05/2023
2023,May,19,14/05/2023,8/05/2023,14/05/2023
2023,May,20,15/05/2023,15/05/2023,21/05/2023
2023,May,20,16/05/2023,15/05/2023,21/05/2023
2023,May,20,17/05/2023,15/05/2023,21/05/2023
2023,May,20,18/05/2023,15/05/2023,21/05/2023
2023,May,20,19/05/2023,15/05/2023,21/05/2023
2023,May,20,20/05/2023,15/05/2023,21/05/2023
2023,May,20,21/05/2023,15/05/2023,21/05/2023
2023,May,21,22/05/2023,22/05/2023,28/05/2023
2023,May,21,23/05/2023,22/05/2023,28/05/2023
2023,May,21,24/05/2023,22/05/2023,28/05/2023
2023,May,21,25/05/2023,22/05/2023,28/05/2023
2023,May,21,26/05/2023,22/05/2023,28/05/2023
2023,May,21,27/05/2023,22/05/2023,28/05/2023
2023,May,21,28/05/2023,22/05/2023,28/05/2023
2023,June,22,29/05/2023,29/05/2023,4/06/2023
2023,June,22,30/05/2023,29/05/2023,4/06/2023
2023,June,22,31/05/2023,29/05/2023,4/06/2023
2023,June,22,1/06/2023,29/05/2023,4/06/2023
2023,June,22,2/06/2023,29/05/2023,4/06/2023
2023,June,22,3/06/2023,29/05/2023,4/06/2023
2023,June,22,4/06/2023,29/05/2023,4/06/2023
2023,June,23,5/06/2023,5/06/2023,11/06/2023
2023,June,23,6/06/2023,5/06/2023,11/06/2023
2023,June,23,7/06/2023,5/06/2023,11/06/2023
2023,June,23,8/06/2023,5/06/2023,11/06/2023
2023,June,23,9/06/2023,5/06/2023,11/06/2023
2023,June,23,10/06/2023,5/06/2023,11/06/2023
2023,June,23,11/06/2023,5/06/2023,11/06/2023
2023,June,24,12/06/2023,12/06/2023,18/06/2023
2023,June,24,13/06/2023,12/06/2023,18/06/2023
2023,June,24,14/06/2023,12/06/2023,18/06/2023
2023,June,24,15/06/2023,12/06/2023,18/06/2023
2023,June,24,16/06/2023,12/06/2023,18/06/2023
2023,June,24,17/06/2023,12/06/2023,18/06/2023
2023,June,24,18/06/2023,12/06/2023,18/06/2023
2023,June,25,19/06/2023,19/06/2023,25/06/2023
2023,June,25,20/06/2023,19/06/2023,25/06/2023
2023,June,25,21/06/2023,19/06/2023,25/06/2023
2023,June,25,22/06/2023,19/06/2023,25/06/2023
2023,June,25,23/06/2023,19/06/2023,25/06/2023
2023,June,25,24/06/2023,19/06/2023,25/06/2023
2023,June,25,25/06/2023,19/06/2023,25/06/2023
2023,June,26,26/06/2023,26/06/2023,2/07/2023
2023,June,26,27/06/2023,26/06/2023,2/07/2023
2023,June,26,28/06/2023,26/06/2023,2/07/2023
2023,June,26,29/06/2023,26/06/2023,2/07/2023
2023,June,26,30/06/2023,26/06/2023,2/07/2023
2023,June,26,1/07/2023,26/06/2023,2/07/2023
2023,June,26,2/07/2023,26/06/2023,2/07/2023
2023,July,27,3/07/2023,3/07/2023,9/07/2023
2023,July,27,4/07/2023,3/07/2023,9/07/2023
2023,July,27,5/07/2023,3/07/2023,9/07/2023
2023,July,27,6/07/2023,3/07/2023,9/07/2023
2023,July,27,7/07/2023,3/07/2023,9/07/2023
2023,July,27,8/07/2023,3/07/2023,9/07/2023
2023,July,27,9/07/2023,3/07/2023,9/07/2023
2023,July,28,10/07/2023,10/07/2023,16/07/2023
2023,July,28,11/07/2023,10/07/2023,16/07/2023
2023,July,28,12/07/2023,10/07/2023,16/07/2023
2023,July,28,13/07/2023,10/07/2023,16/07/2023
2023,July,28,14/07/2023,10/07/2023,16/07/2023
2023,July,28,15/07/2023,10/07/2023,16/07/2023
2023,July,28,16/07/2023,10/07/2023,16/07/2023
2023,July,29,17/07/2023,17/07/2023,23/07/2023
2023,July,29,18/07/2023,17/07/2023,23/07/2023
2023,July,29,19/07/2023,17/07/2023,23/07/2023
2023,July,29,20/07/2023,17/07/2023,23/07/2023
2023,July,29,21/07/2023,17/07/2023,23/07/2023
2023,July,29,22/07/2023,17/07/2023,23/07/2023
2023,July,29,23/07/2023,17/07/2023,23/07/2023
2023,July,30,24/07/2023,24/07/2023,30/07/2023
2023,July,30,25/07/2023,24/07/2023,30/07/2023
2023,July,30,26/07/2023,24/07/2023,30/07/2023
2023,July,30,27/07/2023,24/07/2023,30/07/2023
2023,July,30,28/07/2023,24/07/2023,30/07/2023
2023,July,30,29/07/2023,24/07/2023,30/07/2023
2023,July,30,30/07/2023,24/07/2023,30/07/2023
2023,July,31,31/07/2023,31/07/2023,6/08/2023
2023,July,31,1/08/2023,31/07/2023,6/08/2023
2023,July,31,2/08/2023,31/07/2023,6/08/2023
2023,July,31,3/08/2023,31/07/2023,6/08/2023
2023,July,31,4/08/2023,31/07/2023,6/08/2023
2023,July,31,5/08/2023,31/07/2023,6/08/2023
2023,July,31,6/08/2023,31/07/2023,6/08/2023
2023,August,32,7/08/2023,7/08/2023,13/08/2023
2023,August,32,8/08/2023,7/08/2023,13/08/2023
2023,August,32,9/08/2023,7/08/2023,13/08/2023
2023,August,32,10/08/2023,7/08/2023,13/08/2023
2023,August,32,11/08/2023,7/08/2023,13/08/2023
2023,August,32,12/08/2023,7/08/2023,13/08/2023
2023,August,32,13/08/2023,7/08/2023,13/08/2023
2023,August,33,14/08/2023,14/08/2023,20/08/2023
2023,August,33,15/08/2023,14/08/2023,20/08/2023
2023,August,33,16/08/2023,14/08/2023,20/08/2023
2023,August,33,17/08/2023,14/08/2023,20/08/2023
2023,August,33,18/08/2023,14/08/2023,20/08/2023
2023,August,33,19/08/2023,14/08/2023,20/08/2023
2023,August,33,20/08/2023,14/08/2023,20/08/2023
2023,August,34,21/08/2023,21/08/2023,27/08/2023
2023,August,34,22/08/2023,21/08/2023,27/08/2023
2023,August,34,23/08/2023,21/08/2023,27/08/2023
2023,August,34,24/08/2023,21/08/2023,27/08/2023
2023,August,34,25/08/2023,21/08/2023,27/08/2023
2023,August,34,26/08/2023,21/08/2023,27/08/2023
2023,August,34,27/08/2023,21/08/2023,27/08/2023
2023,August,35,28/08/2023,28/08/2023,3/09/2023
2023,August,35,29/08/2023,28/08/2023,3/09/2023
2023,August,35,30/08/2023,28/08/2023,3/09/2023
2023,August,35,31/08/2023,28/08/2023,3/09/2023
2023,August,35,1/09/2023,28/08/2023,3/09/2023
2023,August,35,2/09/2023,28/08/2023,3/09/2023
2023,August,35,3/09/2023,28/08/2023,3/09/2023
2023,August,36,4/09/2023,4/09/2023,10/09/2023
2023,August,36,5/09/2023,4/09/2023,10/09/2023
2023,August,36,6/09/2023,4/09/2023,10/09/2023
2023,August,36,7/09/2023,4/09/2023,10/09/2023
2023,August,36,8/09/2023,4/09/2023,10/09/2023
2023,August,36,9/09/2023,4/09/2023,10/09/2023
2023,August,36,10/09/2023,4/09/2023,10/09/2023
2023,September,37,11/09/2023,11/09/2023,17/09/2023
2023,September,37,12/09/2023,11/09/2023,17/09/2023
2023,September,37,13/09/2023,11/09/2023,17/09/2023
2023,September,37,14/09/2023,11/09/2023,17/09/2023
2023,September,37,15/09/2023,11/09/2023,17/09/2023
2023,September,37,16/09/2023,11/09/2023,17/09/2023
2023,September,37,17/09/2023,11/09/2023,17/09/2023
2023,September,38,18/09/2023,18/09/2023,24/09/2023
2023,September,38,19/09/2023,18/09/2023,24/09/2023
2023,September,38,20/09/2023,18/09/2023,24/09/2023
2023,September,38,21/09/2023,18/09/2023,24/09/2023
2023,September,38,22/09/2023,18/09/2023,24/09/2023
2023,September,38,23/09/2023,18/09/2023,24/09/2023
2023,September,38,24/09/2023,18/09/2023,24/09/2023
2023,September,39,25/09/2023,25/09/2023,1/10/2023
2023,September,39,26/09/2023,25/09/2023,1/10/2023
2023,September,39,27/09/2023,25/09/2023,1/10/2023
2023,September,39,28/09/2023,25/09/2023,1/10/2023
2023,September,39,29/09/2023,25/09/2023,1/10/2023
2023,September,39,30/09/2023,25/09/2023,1/10/2023
2023,September,39,1/10/2023,25/09/2023,1/10/2023
2023,September,40,2/10/2023,2/10/2023,8/10/2023
2023,September,40,3/10/2023,2/10/2023,8/10/2023
2023,September,40,4/10/2023,2/10/2023,8/10/2023
2023,September,40,5/10/2023,2/10/2023,8/10/2023
2023,September,40,6/10/2023,2/10/2023,8/10/2023
2023,September,40,7/10/2023,2/10/2023,8/10/2023
2023,September,40,8/10/2023,2/10/2023,8/10/2023
2023,October,41,9/10/2023,9/10/2023,15/10/2023
2023,October,41,10/10/2023,9/10/2023,15/10/2023
2023,October,41,11/10/2023,9/10/2023,15/10/2023
2023,October,41,12/10/2023,9/10/2023,15/10/2023
2023,October,41,13/10/2023,9/10/2023,15/10/2023
2023,October,41,14/10/2023,9/10/2023,15/10/2023
2023,October,41,15/10/2023,9/10/2023,15/10/2023
2023,October,42,16/10/2023,16/10/2023,22/10/2023
2023,October,42,17/10/2023,16/10/2023,22/10/2023
2023,October,42,18/10/2023,16/10/2023,22/10/2023
2023,October,42,19/10/2023,16/10/2023,22/10/2023
2023,October,42,20/10/2023,16/10/2023,22/10/2023
2023,October,42,21/10/2023,16/10/2023,22/10/2023
2023,October,42,22/10/2023,16/10/2023,22/10/2023
2023,October,43,23/10/2023,23/10/2023,29/10/2023
2023,October,43,24/10/2023,23/10/2023,29/10/2023
2023,October,43,25/10/2023,23/10/2023,29/10/2023
2023,October,43,26/10/2023,23/10/2023,29/10/2023
2023,October,43,27/10/2023,23/10/2023,29/10/2023
2023,October,43,28/10/2023,23/10/2023,29/10/2023
2023,October,43,29/10/2023,23/10/2023,29/10/2023
2023,October,44,30/10/2023,30/10/2023,5/11/2023
2023,October,44,31/10/2023,30/10/2023,5/11/2023
2023,October,44,1/11/2023,30/10/2023,5/11/2023
2023,October,44,2/11/2023,30/10/2023,5/11/2023
2023,October,44,3/11/2023,30/10/2023,5/11/2023
2023,October,44,4/11/2023,30/10/2023,5/11/2023
2023,October,44,5/11/2023,30/10/2023,5/11/2023
2023,November,45,6/11/2023,6/11/2023,12/11/2023
2023,November,45,7/11/2023,6/11/2023,12/11/2023
2023,November,45,8/11/2023,6/11/2023,12/11/2023
2023,November,45,9/11/2023,6/11/2023,12/11/2023
2023,November,45,10/11/2023,6/11/2023,12/11/2023
2023,November,45,11/11/2023,6/11/2023,12/11/2023
2023,November,45,12/11/2023,6/11/2023,12/11/2023
2023,November,46,13/11/2023,13/11/2023,19/11/2023
2023,November,46,14/11/2023,13/11/2023,19/11/2023
2023,November,46,15/11/2023,13/11/2023,19/11/2023
2023,November,46,16/11/2023,13/11/2023,19/11/2023
2023,November,46,17/11/2023,13/11/2023,19/11/2023
2023,November,46,18/11/2023,13/11/2023,19/11/2023
2023,November,46,19/11/2023,13/11/2023,19/11/2023
2023,November,47,20/11/2023,20/11/2023,26/11/2023
2023,November,47,21/11/2023,20/11/2023,26/11/2023
2023,November,47,22/11/2023,20/11/2023,26/11/2023
2023,November,47,23/11/2023,20/11/2023,26/11/2023
2023,November,47,24/11/2023,20/11/2023,26/11/2023
2023,November,47,25/11/2023,20/11/2023,26/11/2023
2023,November,47,26/11/2023,20/11/2023,26/11/2023
2023,November,48,27/11/2023,27/11/2023,3/12/2023
2023,November,48,28/11/2023,27/11/2023,3/12/2023
2023,November,48,29/11/2023,27/11/2023,3/12/2023
2023,November,48,30/11/2023,27/11/2023,3/12/2023
2023,November,48,1/12/2023,27/11/2023,3/12/2023
2023,November,48,2/12/2023,27/11/2023,3/12/2023
2023,November,48,3/12/2023,27/11/2023,3/12/2023
2023,December,49,4/12/2023,4/12/2023,10/12/2023
2023,December,49,5/12/2023,4/12/2023,10/12/2023
2023,December,49,6/12/2023,4/12/2023,10/12/2023
2023,December,49,7/12/2023,4/12/2023,10/12/2023
2023,December,49,8/12/2023,4/12/2023,10/12/2023
2023,December,49,9/12/2023,4/12/2023,10/12/2023
2023,December,49,10/12/2023,4/12/2023,10/12/2023
2023,December,50,11/12/2023,11/12/2023,17/12/2023
2023,December,50,12/12/2023,11/12/2023,17/12/2023
2023,December,50,13/12/2023,11/12/2023,17/12/2023
2023,December,50,14/12/2023,11/12/2023,17/12/2023
2023,December,50,15/12/2023,11/12/2023,17/12/2023
2023,December,50,16/12/2023,11/12/2023,17/12/2023
2023,December,50,17/12/2023,11/12/2023,17/12/2023
2023,December,51,18/12/2023,18/12/2023,24/12/2023
2023,December,51,19/12/2023,18/12/2023,24/12/2023
2023,December,51,20/12/2023,18/12/2023,24/12/2023
2023,December,51,21/12/2023,18/12/2023,24/12/2023
2023,December,51,22/12/2023,18/12/2023,24/12/2023
2023,December,51,23/12/2023,18/12/2023,24/12/2023
2023,December,51,24/12/2023,18/12/2023,24/12/2023
2023,December,52,25/12/2023,25/12/2023,31/12/2023
2023,December,52,26/12/2023,25/12/2023,31/12/2023
2023,December,52,27/12/2023,25/12/2023,31/12/2023
2023,December,52,28/12/2023,25/12/2023,31/12/2023
2023,December,52,29/12/2023,25/12/2023,31/12/2023
2023,December,52,30/12/2023,25/12/2023,31/12/2023
2023,December,52,31/12/2023,25/12/2023,31/12/2023
